"Cultivar","Time","AbConc"
"Starkrimson","           0","        5.88"
"Starkrimson","         0.5","3.3755448958"
"Starkrimson","           1","1.9378066911"
"Starkrimson","         1.5","1.1124410689"
"Starkrimson","           2","0.6386215599"
"Starkrimson","         2.5","0.3666149229"
"Starkrimson","           3","0.2104634578"
"Starkrimson","         3.5","0.1208212331"
"Starkrimson","           4","0.0693601185"
"Starkrimson","         4.5","0.0398177201"
"Starkrimson","           5","0.0228582486"
"Starkrimson","         5.5","0.0131222865"
"Starkrimson","           6","0.0075331407"
"Starkrimson","         6.5","0.0043245671"
"Starkrimson","           7"," 0.002482614"
"Starkrimson","         7.5","0.0014251998"
"Starkrimson","           8","0.0008181677"
"Starkrimson","         8.5","0.0004696874"
"Starkrimson","           9","0.0002696345"
"Starkrimson","         9.5","0.0001547897"
"Starkrimson","          10","0.0000888605"
"Starkrimson","        10.5","0.0000510123"
"Starkrimson","          11","0.0000292848"
"Starkrimson","        11.5","0.0000168116"
"Starkrimson","          12","9.6510558E-6"
"Starkrimson","        12.5","5.5404034E-6"
"Starkrimson","          13","3.1805919E-6"
"Starkrimson","        13.5","1.8258896E-6"
"Starkrimson","          14","1.0481926E-6"
"Starkrimson","        14.5","6.0173828E-7"
"Starkrimson","          15","3.4544125E-7"
"Starkrimson","        15.5","1.9830824E-7"
"Starkrimson","          16","1.1384326E-7"
"Starkrimson","        16.5","6.5354258E-8"
"Starkrimson","          17","3.7518067E-8"
"Starkrimson","        17.5","2.1538081E-8"
"Starkrimson","          18","1.2364415E-8"
"Starkrimson","        18.5","7.0980677E-9"
"Starkrimson","          19","4.0748038E-9"
"Starkrimson","        19.5","2.3392318E-9"
"Starkrimson","          20","1.3428881E-9"
"Starkrimson","        20.5","7.709148E-10"
"Starkrimson","          21","4.425608E-10"
"Starkrimson","        21.5","2.540619E-10"
"Starkrimson","          22","1.458499E-10"
"Starkrimson","        22.5","8.372837E-11"
"Starkrimson","          23","4.806614E-11"
"Starkrimson","        23.5","2.759343E-11"
"Starkrimson","          24","1.584063E-11"
"Starkrimson","        24.5","9.093664E-12"
"Starkrimson","          25"," 5.22042E-12"
"Starkrimson","        25.5","2.996898E-12"
"Starkrimson","          26","1.720436E-12"
"Starkrimson","        26.5","9.876547E-13"
"Starkrimson","          27","5.669852E-13"
"Starkrimson","        27.5","3.254905E-13"
"Starkrimson","          28"," 1.86855E-13"
"Starkrimson","        28.5","1.072683E-13"
"Starkrimson","          29","6.157975E-14"
"Starkrimson","        29.5","3.535123E-14"
"Starkrimson","          30","2.029416E-14"
"Starkrimson","        30.5","1.165031E-14"
"Starkrimson","          31","6.688122E-15"
"Starkrimson","        31.5","3.839465E-15"
"Starkrimson","          32","2.204131E-15"
"Starkrimson","        32.5"," 1.26533E-15"
"Starkrimson","          33"," 7.26391E-16"
"Starkrimson","        33.5","4.170009E-16"
"Starkrimson","          34","2.393887E-16"
"Starkrimson","        34.5","1.374264E-16"
"Starkrimson","          35","7.889268E-17"
"Starkrimson","        35.5"," 4.52901E-17"
"Starkrimson","          36","2.599979E-17"
"Starkrimson","        36.5","1.492576E-17"
"Starkrimson","          37","8.568464E-18"
"Starkrimson","        37.5","4.918917E-18"
"Starkrimson","          38","2.823814E-18"
"Starkrimson","        38.5","1.621073E-18"
"Starkrimson","          39","9.306132E-19"
"Starkrimson","        39.5","5.342392E-19"
"Starkrimson","          40","3.066919E-19"
"Starkrimson","        40.5","1.760633E-19"
"Starkrimson","          41","1.010731E-19"
"Starkrimson","        41.5","5.802325E-20"
"Starkrimson","          42","3.330954E-20"
"Starkrimson","        42.5","1.912208E-20"
"Starkrimson","          43","1.097746E-20"
"Starkrimson","        43.5","6.301853E-21"
"Starkrimson","          44","3.617719E-21"
"Starkrimson","        44.5","2.076832E-21"
"Starkrimson","          45","1.192252E-21"
"Starkrimson","        45.5","6.844386E-22"
"Starkrimson","          46","3.929172E-22"
"Starkrimson","        46.5","2.255629E-22"
"Starkrimson","          47","1.294894E-22"
"Starkrimson","        47.5","7.433627E-23"
"Starkrimson","          48","4.267439E-23"
"Starkrimson","        48.5","2.449818E-23"
"Starkrimson","          49","1.406373E-23"
"Starkrimson","        49.5","8.073596E-24"
"Starkrimson","          50","4.634828E-24"
"Starkrimson","        50.5","2.660726E-24"
"Starkrimson","          51","1.527449E-24"
"Starkrimson","        51.5","8.768661E-25"
"Starkrimson","          52","5.033845E-25"
"Starkrimson","        52.5","2.889791E-25"
"Starkrimson","          53","1.658949E-25"
"Starkrimson","        53.5","9.523564E-26"
"Starkrimson","          54","5.467214E-26"
"Starkrimson","        54.5","3.138576E-26"
"Starkrimson","          55","1.801769E-26"
"Starkrimson","        55.5","1.034346E-26"
"Starkrimson","          56","5.937893E-27"
"Starkrimson","        56.5","3.408779E-27"
"Starkrimson","          57","1.956886E-27"
"Starkrimson","        57.5","1.123394E-27"
"Starkrimson","          58","6.449092E-28"
"Starkrimson","        58.5","3.702245E-28"
"Starkrimson","          59","2.125356E-28"
"Starkrimson","        59.5","1.220108E-28"
"Starkrimson","          60","7.004301E-29"
"Starkrimson","        60.5","4.020975E-29"
"Starkrimson","          61"," 2.30833E-29"
"Starkrimson","        61.5","1.325148E-29"
"Starkrimson","          62","7.607309E-30"
"Starkrimson","        62.5","4.367145E-30"
"Starkrimson","          63","2.507057E-30"
"Starkrimson","        63.5","1.439232E-30"
"Starkrimson","          64","8.262231E-31"
"Starkrimson","        64.5","4.743118E-31"
"Starkrimson","          65","2.722892E-31"
"Starkrimson","        65.5","1.563137E-31"
"Starkrimson","          66","8.973535E-32"
"Starkrimson","        66.5","5.151458E-32"
"Starkrimson","          67","2.957309E-32"
"Starkrimson","        67.5","1.697709E-32"
"Starkrimson","          68","9.746077E-33"
"Starkrimson","        68.5","5.594952E-33"
"Starkrimson","          69","3.211907E-33"
"Starkrimson","        69.5","1.843867E-33"
"Starkrimson","          70","1.058513E-33"
"Starkrimson","        70.5","6.076628E-34"
"Starkrimson","          71","3.488424E-34"
"Starkrimson","        71.5","2.002607E-34"
"Starkrimson","          72","1.149641E-34"
"Starkrimson","        72.5","6.599771E-35"
"Starkrimson","          73","3.788746E-35"
"Starkrimson","        73.5","2.175014E-35"
"Starkrimson","          74","1.248615E-35"
"Starkrimson","        74.5","7.167953E-36"
"Starkrimson","          75","4.114923E-36"
"Starkrimson","        75.5","2.362263E-36"
"Starkrimson","          76"," 1.35611E-36"
"Starkrimson","        76.5"," 7.78505E-37"
"Starkrimson","          77","4.469181E-37"
"Starkrimson","        77.5","2.565633E-37"
"Starkrimson","          78","1.472859E-37"
"Starkrimson","        78.5","8.455273E-38"
"Starkrimson","          79","4.853938E-38"
"Starkrimson","        79.5","2.786511E-38"
"Starkrimson","          80","1.599659E-38"
"Royal Gala","           0","        6.62"
"Royal Gala","         0.5","3.0651465122"
"Royal Gala","           1","1.4192028914"
"Royal Gala","         1.5","0.6571094853"
"Royal Gala","           2"," 0.304250279"
"Royal Gala","         2.5","0.1408718552"
"Royal Gala","           3","0.0652255099"
"Royal Gala","         3.5","0.0302002635"
"Royal Gala","           4","0.0139831167"
"Royal Gala","         4.5","0.0064743657"
"Royal Gala","           5"," 0.002997716"
"Royal Gala","         5.5","0.0013879817"
"Royal Gala","           6","0.0006426536"
"Royal Gala","         6.5"," 0.000297557"
"Royal Gala","           7","0.0001377728"
"Royal Gala","         7.5","0.0000637906"
"Royal Gala","           8","0.0000295359"
"Royal Gala","         8.5","0.0000136755"
"Royal Gala","           9","6.3319353E-6"
"Royal Gala","         9.5","2.9317688E-6"
"Royal Gala","          10","1.3574473E-6"
"Royal Gala","        10.5","6.2851583E-7"
"Royal Gala","          11","2.9101104E-7"
"Royal Gala","        11.5","1.3474191E-7"
"Royal Gala","          12","6.2387267E-8"
"Royal Gala","        12.5"," 2.888612E-8"
"Royal Gala","          13","1.3374651E-8"
"Royal Gala","        13.5","6.1926382E-9"
"Royal Gala","          14","2.8672724E-9"
"Royal Gala","        14.5","1.3275846E-9"
"Royal Gala","          15"," 6.14689E-10"
"Royal Gala","        15.5","2.846091E-10"
"Royal Gala","          16","1.317777E-10"
"Royal Gala","        16.5"," 6.10148E-11"
"Royal Gala","          17","2.825065E-11"
"Royal Gala","        17.5","1.308042E-11"
"Royal Gala","          18","6.056406E-12"
"Royal Gala","        18.5","2.804195E-12"
"Royal Gala","          19","1.298379E-12"
"Royal Gala","        19.5","6.011664E-13"
"Royal Gala","          20","2.783479E-13"
"Royal Gala","        20.5","1.288787E-13"
"Royal Gala","          21","5.967253E-14"
"Royal Gala","        21.5","2.762916E-14"
"Royal Gala","          22","1.279266E-14"
"Royal Gala","        22.5"," 5.92317E-15"
"Royal Gala","          23","2.742505E-15"
"Royal Gala","        23.5","1.269816E-15"
"Royal Gala","          24","5.879413E-16"
"Royal Gala","        24.5","2.722245E-16"
"Royal Gala","          25","1.260435E-16"
"Royal Gala","        25.5","5.835979E-17"
"Royal Gala","          26","2.702134E-17"
"Royal Gala","        26.5","1.251124E-17"
"Royal Gala","          27","5.792865E-18"
"Royal Gala","        27.5","2.682172E-18"
"Royal Gala","          28","1.241881E-18"
"Royal Gala","        28.5","5.750071E-19"
"Royal Gala","          29","2.662358E-19"
"Royal Gala","        29.5","1.232706E-19"
"Royal Gala","          30","5.707592E-20"
"Royal Gala","        30.5"," 2.64269E-20"
"Royal Gala","          31","  1.2236E-20"
"Royal Gala","        31.5","5.665427E-21"
"Royal Gala","          32","2.623167E-21"
"Royal Gala","        32.5","1.214561E-21"
"Royal Gala","          33","5.623574E-22"
"Royal Gala","        33.5","2.603788E-22"
"Royal Gala","          34","1.205588E-22"
"Royal Gala","        34.5"," 5.58203E-23"
"Royal Gala","          35","2.584553E-23"
"Royal Gala","        35.5","1.196682E-23"
"Royal Gala","          36","5.540793E-24"
"Royal Gala","        36.5","2.565459E-24"
"Royal Gala","          37","1.187841E-24"
"Royal Gala","        37.5"," 5.49986E-25"
"Royal Gala","          38","2.546507E-25"
"Royal Gala","        38.5","1.179066E-25"
"Royal Gala","          39"," 5.45923E-26"
"Royal Gala","        39.5","2.527695E-26"
"Royal Gala","          40","1.170356E-26"
"Royal Gala","        40.5","  5.4189E-27"
"Royal Gala","          41","2.509022E-27"
"Royal Gala","        41.5"," 1.16171E-27"
"Royal Gala","          42","5.378868E-28"
"Royal Gala","        42.5","2.490486E-28"
"Royal Gala","          43","1.153128E-28"
"Royal Gala","        43.5","5.339132E-29"
"Royal Gala","          44","2.472088E-29"
"Royal Gala","        44.5","1.144609E-29"
"Royal Gala","          45","5.299689E-30"
"Royal Gala","        45.5","2.453825E-30"
"Royal Gala","          46","1.136153E-30"
"Royal Gala","        46.5","5.260538E-31"
"Royal Gala","          47","2.435698E-31"
"Royal Gala","        47.5"," 1.12776E-31"
"Royal Gala","          48","5.221676E-32"
"Royal Gala","        48.5","2.417704E-32"
"Royal Gala","          49","1.119429E-32"
"Royal Gala","        49.5","5.183101E-33"
"Royal Gala","          50","2.399843E-33"
"Royal Gala","        50.5","1.111159E-33"
"Royal Gala","          51"," 5.14481E-34"
"Royal Gala","        51.5","2.382114E-34"
"Royal Gala","          52"," 1.10295E-34"
"Royal Gala","        52.5","5.106803E-35"
"Royal Gala","          53","2.364517E-35"
"Royal Gala","        53.5","1.094802E-35"
"Royal Gala","          54","5.069077E-36"
"Royal Gala","        54.5","2.347049E-36"
"Royal Gala","          55","1.086714E-36"
"Royal Gala","        55.5","5.031629E-37"
"Royal Gala","          56"," 2.32971E-37"
"Royal Gala","        56.5","1.078686E-37"
"Royal Gala","          57","4.994458E-38"
"Royal Gala","        57.5","2.312499E-38"
"Royal Gala","          58","1.070717E-38"
"Royal Gala","        58.5","4.957562E-39"
"Royal Gala","          59","2.295416E-39"
"Royal Gala","        59.5","1.062808E-39"
"Royal Gala","          60","4.920938E-40"
"Royal Gala","        60.5","2.278458E-40"
"Royal Gala","          61","1.054956E-40"
"Royal Gala","        61.5","4.884584E-41"
"Royal Gala","          62","2.261626E-41"
"Royal Gala","        62.5","1.047163E-41"
"Royal Gala","          63","  4.8485E-42"
"Royal Gala","        63.5","2.244919E-42"
"Royal Gala","          64","1.039427E-42"
"Royal Gala","        64.5","4.812681E-43"
"Royal Gala","          65","2.228334E-43"
"Royal Gala","        65.5","1.031748E-43"
"Royal Gala","          66","4.777128E-44"
"Royal Gala","        66.5","2.211873E-44"
"Royal Gala","          67","1.024126E-44"
"Royal Gala","        67.5","4.741837E-45"
"Royal Gala","          68","2.195532E-45"
"Royal Gala","        68.5"," 1.01656E-45"
"Royal Gala","          69","4.706806E-46"
"Royal Gala","        69.5","2.179313E-46"
"Royal Gala","          70"," 1.00905E-46"
"Royal Gala","        70.5","4.672035E-47"
"Royal Gala","          71","2.163213E-47"
"Royal Gala","        71.5","1.001596E-47"
"Royal Gala","          72"," 4.63752E-48"
"Royal Gala","        72.5","2.147233E-48"
"Royal Gala","          73","9.941967E-49"
"Royal Gala","        73.5","4.603261E-49"
"Royal Gala","          74"," 2.13137E-49"
"Royal Gala","        74.5","9.868521E-50"
"Royal Gala","          75","4.569254E-50"
"Royal Gala","        75.5","2.115624E-50"
"Royal Gala","          76","9.795618E-51"
"Royal Gala","        76.5","4.535499E-51"
"Royal Gala","          77","2.099995E-51"
"Royal Gala","        77.5","9.723253E-52"
"Royal Gala","          78","4.501993E-52"
"Royal Gala","        78.5","2.084482E-52"
"Royal Gala","          79","9.651422E-53"
"Royal Gala","        79.5","4.468735E-53"
"Royal Gala","          80","2.069083E-53"
"Scarlet Spur I","           0","        5.23"
"Scarlet Spur I","         0.5","3.1563341595"
"Scarlet Spur I","           1","1.9048652632"
"Scarlet Spur I","         1.5","1.1495968068"
"Scarlet Spur I","           2","0.6937880824"
"Scarlet Spur I","         2.5","0.4187049759"
"Scarlet Spur I","           3","0.2526907874"
"Scarlet Spur I","         3.5","0.1525002991"
"Scarlet Spur I","           4","0.0920347807"
"Scarlet Spur I","         4.5","0.0555435033"
"Scarlet Spur I","           5","0.0335208139"
"Scarlet Spur I","         5.5","0.0202299981"
"Scarlet Spur I","           6","0.0122089166"
"Scarlet Spur I","         6.5","0.0073681493"
"Scarlet Spur I","           7","0.0044467192"
"Scarlet Spur I","         7.5","0.0026836198"
"Scarlet Spur I","           8","0.0016195795"
"Scarlet Spur I","         8.5","0.0009774253"
"Scarlet Spur I","           9","0.0005898816"
"Scarlet Spur I","         9.5","0.0003559968"
"Scarlet Spur I","          10","0.0002148461"
"Scarlet Spur I","        10.5","0.0001296608"
"Scarlet Spur I","          11"," 0.000078251"
"Scarlet Spur I","        11.5","0.0000472249"
"Scarlet Spur I","          12","0.0000285005"
"Scarlet Spur I","        12.5","0.0000172002"
"Scarlet Spur I","          13","0.0000103804"
"Scarlet Spur I","        13.5","6.2646445E-6"
"Scarlet Spur I","          14","3.7807479E-6"
"Scarlet Spur I","        14.5","2.2817024E-6"
"Scarlet Spur I","          15","1.3770201E-6"
"Scarlet Spur I","        15.5","8.3103932E-7"
"Scarlet Spur I","          16","5.0153687E-7"
"Scarlet Spur I","        16.5","3.0268029E-7"
"Scarlet Spur I","          17","1.8266925E-7"
"Scarlet Spur I","        17.5","1.1024191E-7"
"Scarlet Spur I","          18","6.6531606E-8"
"Scarlet Spur I","        18.5","4.0152195E-8"
"Scarlet Spur I","          19","2.4232074E-8"
"Scarlet Spur I","        19.5","1.4624192E-8"
"Scarlet Spur I","          20","8.8257812E-9"
"Scarlet Spur I","        20.5","5.3264081E-9"
"Scarlet Spur I","          21"," 3.214517E-9"
"Scarlet Spur I","        21.5","1.9399789E-9"
"Scarlet Spur I","          22","1.1707881E-9"
"Scarlet Spur I","        22.5","7.065771E-10"
"Scarlet Spur I","          23","4.264232E-10"
"Scarlet Spur I","        23.5","2.573488E-10"
"Scarlet Spur I","          24","1.553114E-10"
"Scarlet Spur I","        24.5","9.373132E-11"
"Scarlet Spur I","          25","5.656737E-11"
"Scarlet Spur I","        25.5","3.413873E-11"
"Scarlet Spur I","          26","2.060291E-11"
"Scarlet Spur I","        26.5","1.243397E-11"
"Scarlet Spur I","          27","7.503971E-12"
"Scarlet Spur I","        27.5","4.528689E-12"
"Scarlet Spur I","          28","2.733089E-12"
"Scarlet Spur I","        28.5","1.649434E-12"
"Scarlet Spur I","          29","9.954428E-13"
"Scarlet Spur I","        29.5","6.007553E-13"
"Scarlet Spur I","          30","3.625592E-13"
"Scarlet Spur I","        30.5","2.188065E-13"
"Scarlet Spur I","          31","1.320509E-13"
"Scarlet Spur I","        31.5","7.969347E-14"
"Scarlet Spur I","          32","4.809545E-14"
"Scarlet Spur I","        32.5","2.902587E-14"
"Scarlet Spur I","          33","1.751728E-14"
"Scarlet Spur I","        33.5","1.057177E-14"
"Scarlet Spur I","          34","6.380125E-15"
"Scarlet Spur I","        34.5","3.850441E-15"
"Scarlet Spur I","          35","2.323763E-15"
"Scarlet Spur I","        35.5","1.402404E-15"
"Scarlet Spur I","          36","8.463584E-16"
"Scarlet Spur I","        36.5"," 5.10782E-16"
"Scarlet Spur I","          37","3.082598E-16"
"Scarlet Spur I","        37.5","1.860365E-16"
"Scarlet Spur I","          38","1.122741E-16"
"Scarlet Spur I","        38.5","6.775803E-17"
"Scarlet Spur I","          39","4.089235E-17"
"Scarlet Spur I","        39.5","2.467876E-17"
"Scarlet Spur I","          40","1.489377E-17"
"Scarlet Spur I","        40.5","8.988473E-18"
"Scarlet Spur I","          41","5.424593E-18"
"Scarlet Spur I","        41.5","3.273772E-18"
"Scarlet Spur I","          42"," 1.97574E-18"
"Scarlet Spur I","        42.5"," 1.19237E-18"
"Scarlet Spur I","          43"," 7.19602E-19"
"Scarlet Spur I","        43.5","4.342838E-19"
"Scarlet Spur I","          44","2.620927E-19"
"Scarlet Spur I","        44.5","1.581744E-19"
"Scarlet Spur I","          45","9.545913E-20"
"Scarlet Spur I","        45.5","5.761012E-20"
"Scarlet Spur I","          46","3.476803E-20"
"Scarlet Spur I","        46.5"," 2.09827E-20"
"Scarlet Spur I","          47","1.266318E-20"
"Scarlet Spur I","        47.5","7.642297E-21"
"Scarlet Spur I","          48","4.612169E-21"
"Scarlet Spur I","        48.5"," 2.78347E-21"
"Scarlet Spur I","          49","1.679839E-21"
"Scarlet Spur I","        49.5","1.013792E-21"
"Scarlet Spur I","          50","6.118294E-22"
"Scarlet Spur I","        50.5","3.692425E-22"
"Scarlet Spur I","          51","2.228399E-22"
"Scarlet Spur I","        51.5","1.344851E-22"
"Scarlet Spur I","          52","8.116252E-23"
"Scarlet Spur I","        52.5","4.898203E-23"
"Scarlet Spur I","          53","2.956093E-23"
"Scarlet Spur I","        53.5","1.784019E-23"
"Scarlet Spur I","          54","1.076665E-23"
"Scarlet Spur I","        54.5","6.497734E-24"
"Scarlet Spur I","          55","3.921419E-24"
"Scarlet Spur I","        55.5","2.366598E-24"
"Scarlet Spur I","          56","1.428255E-24"
"Scarlet Spur I","        56.5","8.619599E-25"
"Scarlet Spur I","          57","5.201976E-25"
"Scarlet Spur I","        57.5","3.139422E-25"
"Scarlet Spur I","          58","1.894658E-25"
"Scarlet Spur I","        58.5","1.143437E-25"
"Scarlet Spur I","          59","6.900706E-26"
"Scarlet Spur I","        59.5","4.164614E-26"
"Scarlet Spur I","          60","2.513368E-26"
"Scarlet Spur I","        60.5","1.516832E-26"
"Scarlet Spur I","          61","9.154163E-27"
"Scarlet Spur I","        61.5","5.524589E-27"
"Scarlet Spur I","          62"," 3.33412E-27"
"Scarlet Spur I","        62.5"," 2.01216E-27"
"Scarlet Spur I","          63"," 1.21435E-27"
"Scarlet Spur I","        63.5","7.328669E-28"
"Scarlet Spur I","          64","4.422892E-28"
"Scarlet Spur I","        64.5"," 2.66924E-28"
"Scarlet Spur I","          65","1.610901E-28"
"Scarlet Spur I","        65.5"," 9.72188E-29"
"Scarlet Spur I","          66","5.867209E-29"
"Scarlet Spur I","        66.5","3.540893E-29"
"Scarlet Spur I","          67","2.136949E-29"
"Scarlet Spur I","        67.5"," 1.28966E-29"
"Scarlet Spur I","          68","7.783173E-30"
"Scarlet Spur I","        68.5","4.697188E-30"
"Scarlet Spur I","          69","2.834779E-30"
"Scarlet Spur I","        69.5","1.710805E-30"
"Scarlet Spur I","          70"," 1.03248E-30"
"Scarlet Spur I","        70.5","6.231077E-31"
"Scarlet Spur I","          71"," 3.76049E-31"
"Scarlet Spur I","        71.5","2.269476E-31"
"Scarlet Spur I","          72","1.369642E-31"
"Scarlet Spur I","        72.5","8.265864E-32"
"Scarlet Spur I","          73","4.988495E-32"
"Scarlet Spur I","        73.5","3.010585E-32"
"Scarlet Spur I","          74","1.816905E-32"
"Scarlet Spur I","        74.5","1.096512E-32"
"Scarlet Spur I","          75","6.617511E-33"
"Scarlet Spur I","        75.5","3.993705E-33"
"Scarlet Spur I","          76","2.410223E-33"
"Scarlet Spur I","        76.5","1.454583E-33"
"Scarlet Spur I","          77"," 8.77849E-34"
"Scarlet Spur I","        77.5","5.297868E-34"
"Scarlet Spur I","          78","3.197293E-34"
"Scarlet Spur I","        78.5","1.929584E-34"
"Scarlet Spur I","          79","1.164515E-34"
"Scarlet Spur I","        79.5","7.027911E-35"
"Scarlet Spur I","          80","4.241384E-35"
"Vance Delicious","           0","        5.24"
"Vance Delicious","         0.5"," 2.331056267"
"Vance Delicious","           1","1.0369891832"
"Vance Delicious","         1.5","0.4613130027"
"Vance Delicious","           2","0.2052188103"
"Vance Delicious","         2.5","0.0912932431"
"Vance Delicious","           3","0.0406125356"
"Vance Delicious","         3.5"," 0.018066814"
"Vance Delicious","           4"," 0.008037168"
"Vance Delicious","         4.5"," 0.003575399"
"Vance Delicious","           5","0.0015905451"
"Vance Delicious","         5.5","0.0007075668"
"Vance Delicious","           6","0.0003147668"
"Vance Delicious","         6.5","0.0001400266"
"Vance Delicious","           7","0.0000622919"
"Vance Delicious","         7.5","0.0000277111"
"Vance Delicious","           8","0.0000123275"
"Vance Delicious","         8.5","5.4839852E-6"
"Vance Delicious","           9"," 2.439595E-6"
"Vance Delicious","         9.5","1.0852735E-6"
"Vance Delicious","          10","4.8279268E-7"
"Vance Delicious","        10.5","2.1477422E-7"
"Vance Delicious","          11","9.5544044E-8"
"Vance Delicious","        11.5","4.2503539E-8"
"Vance Delicious","          12","1.8908042E-8"
"Vance Delicious","        12.5"," 8.411395E-9"
"Vance Delicious","          13","3.7418769E-9"
"Vance Delicious","        13.5","1.6646041E-9"
"Vance Delicious","          14","7.405126E-10"
"Vance Delicious","        14.5"," 3.29423E-10"
"Vance Delicious","          15","1.465465E-10"
"Vance Delicious","        15.5","6.519238E-11"
"Vance Delicious","          16","2.900136E-11"
"Vance Delicious","        16.5","1.290149E-11"
"Vance Delicious","          17","5.739331E-12"
"Vance Delicious","        17.5","2.553188E-12"
"Vance Delicious","          18","1.135806E-12"
"Vance Delicious","        18.5","5.052725E-13"
"Vance Delicious","          19","2.247745E-13"
"Vance Delicious","        19.5","9.999277E-14"
"Vance Delicious","          20","4.448259E-14"
"Vance Delicious","        20.5","1.978844E-14"
"Vance Delicious","          21","8.803047E-15"
"Vance Delicious","        21.5","3.916106E-15"
"Vance Delicious","          22","1.742112E-15"
"Vance Delicious","        22.5","7.749924E-16"
"Vance Delicious","          23","3.447616E-16"
"Vance Delicious","        23.5","  1.5337E-16"
"Vance Delicious","          24","6.822787E-17"
"Vance Delicious","        24.5","3.035172E-17"
"Vance Delicious","          25","1.350221E-17"
"Vance Delicious","        25.5","6.006566E-18"
"Vance Delicious","          26","2.672069E-18"
"Vance Delicious","        26.5","1.188692E-18"
"Vance Delicious","          27"," 5.28799E-19"
"Vance Delicious","        27.5","2.352405E-19"
"Vance Delicious","          28","1.046486E-19"
"Vance Delicious","        28.5","4.655379E-20"
"Vance Delicious","          29","2.070983E-20"
"Vance Delicious","        29.5","9.212935E-21"
"Vance Delicious","          30","4.098448E-21"
"Vance Delicious","        30.5","1.823228E-21"
"Vance Delicious","          31","8.110776E-22"
"Vance Delicious","        31.5","3.608144E-22"
"Vance Delicious","          32","1.605112E-22"
"Vance Delicious","        32.5"," 7.14047E-23"
"Vance Delicious","          33","3.176496E-23"
"Vance Delicious","        33.5"," 1.41309E-23"
"Vance Delicious","          34","6.286244E-24"
"Vance Delicious","        34.5","2.796486E-24"
"Vance Delicious","          35","1.244039E-24"
"Vance Delicious","        35.5"," 5.53421E-25"
"Vance Delicious","          36","2.461938E-25"
"Vance Delicious","        36.5","1.095213E-25"
"Vance Delicious","          37","4.872143E-26"
"Vance Delicious","        37.5","2.167412E-26"
"Vance Delicious","          38","9.641908E-27"
"Vance Delicious","        38.5","4.289281E-27"
"Vance Delicious","          39","1.908121E-27"
"Vance Delicious","        39.5"," 8.48843E-28"
"Vance Delicious","          40","3.776147E-28"
"Vance Delicious","        40.5","1.679849E-28"
"Vance Delicious","          41","7.472945E-29"
"Vance Delicious","        41.5","  3.3244E-29"
"Vance Delicious","          42","1.478886E-29"
"Vance Delicious","        42.5","6.578944E-30"
"Vance Delicious","          43","2.926696E-30"
"Vance Delicious","        43.5","1.301965E-30"
"Vance Delicious","          44","5.791894E-31"
"Vance Delicious","        44.5","2.576571E-31"
"Vance Delicious","          45","1.146208E-31"
"Vance Delicious","        45.5","   5.099E-32"
"Vance Delicious","          46","2.268331E-32"
"Vance Delicious","        46.5","1.009085E-32"
"Vance Delicious","          47","4.488998E-33"
"Vance Delicious","        47.5","1.996967E-33"
"Vance Delicious","          48","8.883669E-34"
"Vance Delicious","        48.5","3.951972E-34"
"Vance Delicious","          49","1.758067E-34"
"Vance Delicious","        49.5","7.820901E-35"
"Vance Delicious","          50","3.479191E-35"
"Vance Delicious","        50.5","1.547746E-35"
"Vance Delicious","          51","6.885273E-36"
"Vance Delicious","        51.5","3.062969E-36"
"Vance Delicious","          52","1.362587E-36"
"Vance Delicious","        52.5","6.061577E-37"
"Vance Delicious","          53","2.696541E-37"
"Vance Delicious","        53.5","1.199578E-37"
"Vance Delicious","          54"," 5.33642E-38"
"Vance Delicious","        54.5"," 2.37395E-38"
"Vance Delicious","          55","1.056071E-38"
"Vance Delicious","        55.5","4.698015E-39"
"Vance Delicious","          56"," 2.08995E-39"
"Vance Delicious","        56.5","9.297311E-40"
"Vance Delicious","          57","4.135984E-40"
"Vance Delicious","        57.5","1.839926E-40"
"Vance Delicious","          58","8.185058E-41"
"Vance Delicious","        58.5","3.641189E-41"
"Vance Delicious","          59","1.619812E-41"
"Vance Delicious","        59.5","7.205866E-42"
"Vance Delicious","          60","3.205588E-42"
"Vance Delicious","        60.5","1.426031E-42"
"Vance Delicious","          61","6.343816E-43"
"Vance Delicious","        61.5","2.822098E-43"
"Vance Delicious","          62","1.255433E-43"
"Vance Delicious","        62.5","5.584895E-44"
"Vance Delicious","          63","2.484485E-44"
"Vance Delicious","        63.5","1.105243E-44"
"Vance Delicious","          64","4.916764E-45"
"Vance Delicious","        64.5","2.187262E-45"
"Vance Delicious","          65","9.730213E-46"
"Vance Delicious","        65.5","4.328564E-46"
"Vance Delicious","          66","1.925596E-46"
"Vance Delicious","        66.5","8.566171E-47"
"Vance Delicious","          67"," 3.81073E-47"
"Vance Delicious","        67.5","1.695234E-47"
"Vance Delicious","          68","7.541386E-48"
"Vance Delicious","        68.5","3.354846E-48"
"Vance Delicious","          69"," 1.49243E-48"
"Vance Delicious","        69.5","6.639197E-49"
"Vance Delicious","          70","  2.9535E-49"
"Vance Delicious","        70.5","1.313888E-49"
"Vance Delicious","          71","5.844939E-50"
"Vance Delicious","        71.5","2.600168E-50"
"Vance Delicious","          72","1.156706E-50"
"Vance Delicious","        72.5","5.145699E-51"
"Vance Delicious","          73","2.289106E-51"
"Vance Delicious","        73.5","1.018327E-51"
"Vance Delicious","          74","4.530111E-52"
"Vance Delicious","        74.5","2.015256E-52"
"Vance Delicious","          75"," 8.96503E-53"
"Vance Delicious","        75.5","3.988166E-53"
"Vance Delicious","          76","1.774168E-53"
"Vance Delicious","        76.5","7.892528E-54"
"Vance Delicious","          77","3.511055E-54"
"Vance Delicious","        77.5","1.561921E-54"
"Vance Delicious","          78","6.948332E-55"
"Vance Delicious","        78.5","3.091021E-55"
"Vance Delicious","          79","1.375066E-55"
"Vance Delicious","        79.5","6.117091E-56"
"Vance Delicious","          80","2.721237E-56"
"Red Chief","           0","        3.14"
"Red Chief","         0.5","1.4322158636"
"Red Chief","           1","0.6532618726"
"Red Chief","         1.5","0.2979656105"
"Red Chief","           2","0.1359079854"
"Red Chief","         2.5","0.0619903098"
"Red Chief","           3","0.0282750016"
"Red Chief","         3.5","0.0128967853"
"Red Chief","           4","0.0058824779"
"Red Chief","         4.5"," 0.002683114"
"Red Chief","           5","0.0012238212"
"Red Chief","         5.5"," 0.000558209"
"Red Chief","           6","0.0002546101"
"Red Chief","         6.5","0.0001161327"
"Red Chief","           7","0.0000529704"
"Red Chief","         7.5","0.0000241608"
"Red Chief","           8","0.0000110202"
"Red Chief","         8.5","5.0265475E-6"
"Red Chief","           9","2.2927073E-6"
"Red Chief","         9.5"," 1.045749E-6"
"Red Chief","          10","4.7698671E-7"
"Red Chief","        10.5","2.1756304E-7"
"Red Chief","          11","9.9234788E-8"
"Red Chief","        11.5","4.5262942E-8"
"Red Chief","          12"," 2.064532E-8"
"Red Chief","        12.5"," 9.416737E-9"
"Red Chief","          13","4.2951593E-9"
"Red Chief","        13.5","1.9591068E-9"
"Red Chief","          14","8.935872E-10"
"Red Chief","        14.5","4.075827E-10"
"Red Chief","          15","1.859065E-10"
"Red Chief","        15.5","8.479562E-11"
"Red Chief","          16","3.867695E-11"
"Red Chief","        16.5","1.764132E-11"
"Red Chief","          17","8.046554E-12"
"Red Chief","        17.5","3.670192E-12"
"Red Chief","          18","1.674047E-12"
"Red Chief","        18.5","7.635657E-13"
"Red Chief","          19","3.482774E-13"
"Red Chief","        19.5","1.588562E-13"
"Red Chief","          20","7.245743E-14"
"Red Chief","        20.5","3.304926E-14"
"Red Chief","          21","1.507442E-14"
"Red Chief","        21.5","6.875739E-15"
"Red Chief","          22"," 3.13616E-15"
"Red Chief","        22.5","1.430464E-15"
"Red Chief","          23"," 6.52463E-16"
"Red Chief","        23.5","2.976012E-16"
"Red Chief","          24","1.357418E-16"
"Red Chief","        24.5"," 6.19145E-17"
"Red Chief","          25","2.824043E-17"
"Red Chief","        25.5","1.288101E-17"
"Red Chief","          26","5.875284E-18"
"Red Chief","        26.5","2.679833E-18"
"Red Chief","          27","1.222325E-18"
"Red Chief","        27.5","5.575263E-19"
"Red Chief","          28","2.542987E-19"
"Red Chief","        28.5","1.159907E-19"
"Red Chief","          29","5.290563E-20"
"Red Chief","        29.5"," 2.41313E-20"
"Red Chief","          30","1.100676E-20"
"Red Chief","        30.5","5.020401E-21"
"Red Chief","          31","2.289904E-21"
"Red Chief","        31.5"," 1.04447E-21"
"Red Chief","          32","4.764034E-22"
"Red Chief","        32.5"," 2.17297E-22"
"Red Chief","          33","9.911344E-23"
"Red Chief","        33.5","4.520759E-23"
"Red Chief","          34","2.062007E-23"
"Red Chief","        34.5","9.405222E-24"
"Red Chief","          35","4.289907E-24"
"Red Chief","        35.5","1.956711E-24"
"Red Chief","          36","8.924945E-25"
"Red Chief","        36.5","4.070843E-25"
"Red Chief","          37","1.856792E-25"
"Red Chief","        37.5","8.469193E-26"
"Red Chief","          38","3.862966E-26"
"Red Chief","        38.5","1.761975E-26"
"Red Chief","          39","8.036714E-27"
"Red Chief","        39.5","3.665704E-27"
"Red Chief","          40","   1.672E-27"
"Red Chief","        40.5"," 7.62632E-28"
"Red Chief","          41","3.478515E-28"
"Red Chief","        41.5","1.586619E-28"
"Red Chief","          42","7.236882E-29"
"Red Chief","        42.5","3.300885E-29"
"Red Chief","          43","1.505599E-29"
"Red Chief","        43.5","6.867331E-30"
"Red Chief","          44","3.132325E-30"
"Red Chief","        44.5","1.428715E-30"
"Red Chief","          45","6.516652E-31"
"Red Chief","        45.5","2.972373E-31"
"Red Chief","          46","1.355758E-31"
"Red Chief","        46.5","6.183879E-32"
"Red Chief","          47","2.820589E-32"
"Red Chief","        47.5","1.286526E-32"
"Red Chief","          48","  5.8681E-33"
"Red Chief","        48.5","2.676556E-33"
"Red Chief","          49"," 1.22083E-33"
"Red Chief","        49.5","5.568446E-34"
"Red Chief","          50","2.539878E-34"
"Red Chief","        50.5","1.158488E-34"
"Red Chief","          51","5.284093E-35"
"Red Chief","        51.5","2.410179E-35"
"Red Chief","          52"," 1.09933E-35"
"Red Chief","        52.5","5.014261E-36"
"Red Chief","          53","2.287103E-36"
"Red Chief","        53.5","1.043193E-36"
"Red Chief","          54","4.758209E-37"
"Red Chief","        54.5","2.170313E-37"
"Red Chief","          55","9.899224E-38"
"Red Chief","        55.5","4.515231E-38"
"Red Chief","          56","2.059486E-38"
"Red Chief","        56.5"," 9.39372E-39"
"Red Chief","          57","4.284661E-39"
"Red Chief","        57.5","1.954318E-39"
"Red Chief","          58","8.914031E-40"
"Red Chief","        58.5","4.065865E-40"
"Red Chief","          59","1.854521E-40"
"Red Chief","        59.5","8.458836E-41"
"Red Chief","          60","3.858242E-41"
"Red Chief","        60.5"," 1.75982E-41"
"Red Chief","          61","8.026886E-42"
"Red Chief","        61.5","3.661221E-42"
"Red Chief","          62","1.669955E-42"
"Red Chief","        62.5","7.616994E-43"
"Red Chief","          63","3.474261E-43"
"Red Chief","        63.5","1.584679E-43"
"Red Chief","          64","7.228033E-44"
"Red Chief","        64.5","3.296848E-44"
"Red Chief","          65","1.503757E-44"
"Red Chief","        65.5","6.858934E-45"
"Red Chief","          66","3.128495E-45"
"Red Chief","        66.5","1.426968E-45"
"Red Chief","          67","6.508683E-46"
"Red Chief","        67.5","2.968738E-46"
"Red Chief","          68","  1.3541E-46"
"Red Chief","        68.5","6.176317E-47"
"Red Chief","          69"," 2.81714E-47"
"Red Chief","        69.5","1.284953E-47"
"Red Chief","          70","5.860924E-48"
"Red Chief","        70.5","2.673283E-48"
"Red Chief","          71","1.219337E-48"
"Red Chief","        71.5","5.561636E-49"
"Red Chief","          72","2.536772E-49"
"Red Chief","        72.5","1.157072E-49"
"Red Chief","          73","5.277632E-50"
"Red Chief","        73.5","2.407232E-50"
"Red Chief","          74","1.097986E-50"
"Red Chief","        74.5"," 5.00813E-51"
"Red Chief","          75","2.284307E-51"
"Red Chief","        75.5","1.041917E-51"
"Red Chief","          76"," 4.75239E-52"
"Red Chief","        76.5","2.167659E-52"
"Red Chief","          77","9.887118E-53"
"Red Chief","        77.5","4.509709E-53"
"Red Chief","          78","2.056967E-53"
"Red Chief","        78.5","9.382233E-54"
"Red Chief","          79","4.279421E-54"
"Red Chief","        79.5","1.951928E-54"
"Red Chief","          80"," 8.90313E-55"
"Well Spur I","           0","        4.14"
"Well Spur I","         0.5","2.9912632441"
"Well Spur I","           1","2.1612695158"
"Well Spur I","         1.5","1.5615763438"
"Well Spur I","           2","1.1282816232"
"Well Spur I","         2.5","0.8152143353"
"Well Spur I","           3","0.5890146564"
"Well Spur I","         3.5","0.4255792009"
"Well Spur I","           4","0.3074926138"
"Well Spur I","         4.5","0.2221718245"
"Well Spur I","           5","0.1605252204"
"Well Spur I","         5.5","0.1159838627"
"Well Spur I","           6","0.0838015134"
"Well Spur I","         6.5","0.0605488857"
"Well Spur I","           7","0.0437482261"
"Well Spur I","         7.5","0.0316092901"
"Well Spur I","           8","0.0228385767"
"Well Spur I","         8.5","0.0165014964"
"Well Spur I","           9","0.0119227825"
"Well Spur I","         9.5","0.0086145365"
"Well Spur I","          10","0.0062242383"
"Well Spur I","        10.5","0.0044971824"
"Well Spur I","          11","0.0032493373"
"Well Spur I","        11.5","0.0023477351"
"Well Spur I","          12","0.0016963028"
"Well Spur I","        12.5","0.0012256252"
"Well Spur I","          13","0.0008855477"
"Well Spur I","        13.5","0.0006398325"
"Well Spur I","          14","0.0004622964"
"Well Spur I","        14.5","0.0003340218"
"Well Spur I","          15","0.0002413399"
"Well Spur I","        15.5","0.0001743747"
"Well Spur I","          16","0.0001259905"
"Well Spur I","        16.5","0.0000910316"
"Well Spur I","          17","0.0000657728"
"Well Spur I","        17.5","0.0000475226"
"Well Spur I","          18","0.0000343364"
"Well Spur I","        18.5"," 0.000024809"
"Well Spur I","          19","0.0000179252"
"Well Spur I","        19.5","0.0000129514"
"Well Spur I","          20","9.3577637E-6"
"Well Spur I","        20.5","6.7612403E-6"
"Well Spur I","          21"," 4.885181E-6"
"Well Spur I","        21.5","3.5296769E-6"
"Well Spur I","          22","2.5502881E-6"
"Well Spur I","        22.5","1.8426529E-6"
"Well Spur I","          23","1.3313671E-6"
"Well Spur I","        23.5","9.6194918E-7"
"Well Spur I","          24"," 6.950346E-7"
"Well Spur I","        24.5","5.0218151E-7"
"Well Spur I","          25","3.6283988E-7"
"Well Spur I","        25.5","2.6216174E-7"
"Well Spur I","          26","1.8941903E-7"
"Well Spur I","        26.5","1.3686043E-7"
"Well Spur I","          27","9.8885402E-8"
"Well Spur I","        27.5","7.1447408E-8"
"Well Spur I","          28","5.1622707E-8"
"Well Spur I","        28.5","3.7298818E-8"
"Well Spur I","          29","2.6949416E-8"
"Well Spur I","        29.5"," 1.947169E-8"
"Well Spur I","          30","1.4068829E-8"
"Well Spur I","        30.5","1.0165114E-8"
"Well Spur I","          31","7.3445726E-9"
"Well Spur I","        31.5","5.3066546E-9"
"Well Spur I","          32","3.8342031E-9"
"Well Spur I","        32.5","2.7703166E-9"
"Well Spur I","          33","2.0016296E-9"
"Well Spur I","        33.5","1.4462321E-9"
"Well Spur I","          34","1.0449423E-9"
"Well Spur I","        34.5","7.549994E-10"
"Well Spur I","          35","5.455077E-10"
"Well Spur I","        35.5","3.941442E-10"
"Well Spur I","          36","  2.8478E-10"
"Well Spur I","        36.5","2.057613E-10"
"Well Spur I","          37","1.486682E-10"
"Well Spur I","        37.5","1.074168E-10"
"Well Spur I","          38"," 7.76116E-11"
"Well Spur I","        38.5"," 5.60765E-11"
"Well Spur I","          39","4.051681E-11"
"Well Spur I","        39.5"," 2.92745E-11"
"Well Spur I","          40","2.115163E-11"
"Well Spur I","        40.5","1.528263E-11"
"Well Spur I","          41","1.104212E-11"
"Well Spur I","        41.5","7.978233E-12"
"Well Spur I","          42","5.764491E-12"
"Well Spur I","        42.5","4.165003E-12"
"Well Spur I","          43","3.009328E-12"
"Well Spur I","        43.5","2.174322E-12"
"Well Spur I","          44","1.571007E-12"
"Well Spur I","        44.5","1.135096E-12"
"Well Spur I","          45","8.201376E-13"
"Well Spur I","        45.5","5.925719E-13"
"Well Spur I","          46","4.281494E-13"
"Well Spur I","        46.5","3.093496E-13"
"Well Spur I","          47","2.235136E-13"
"Well Spur I","        47.5","1.614947E-13"
"Well Spur I","          48","1.166843E-13"
"Well Spur I","        48.5","8.430761E-14"
"Well Spur I","          49","6.091456E-14"
"Well Spur I","        49.5","4.401243E-14"
"Well Spur I","          50","3.180019E-14"
"Well Spur I","        50.5","2.297651E-14"
"Well Spur I","          51","1.660115E-14"
"Well Spur I","        51.5","1.199479E-14"
"Well Spur I","          52","8.666562E-15"
"Well Spur I","        52.5","6.261828E-15"
"Well Spur I","          53","4.524342E-15"
"Well Spur I","        53.5","3.268961E-15"
"Well Spur I","          54","2.361914E-15"
"Well Spur I","        54.5","1.706547E-15"
"Well Spur I","          55","1.233027E-15"
"Well Spur I","        55.5","8.908958E-16"
"Well Spur I","          56","6.436966E-16"
"Well Spur I","        56.5","4.650884E-16"
"Well Spur I","          57","3.360391E-16"
"Well Spur I","        57.5","2.427974E-16"
"Well Spur I","          58","1.754278E-16"
"Well Spur I","        58.5","1.267514E-16"
"Well Spur I","          59","9.158133E-17"
"Well Spur I","        59.5","6.617002E-17"
"Well Spur I","          60","4.780965E-17"
"Well Spur I","        60.5","3.454378E-17"
"Well Spur I","          61","2.495882E-17"
"Well Spur I","        61.5","1.803343E-17"
"Well Spur I","          62","1.302965E-17"
"Well Spur I","        62.5","9.414278E-18"
"Well Spur I","          63","6.802073E-18"
"Well Spur I","        63.5","4.914684E-18"
"Well Spur I","          64","3.550994E-18"
"Well Spur I","        64.5"," 2.56569E-18"
"Well Spur I","          65","1.853781E-18"
"Well Spur I","        65.5","1.339408E-18"
"Well Spur I","          66","9.677587E-19"
"Well Spur I","        66.5","6.992321E-19"
"Well Spur I","          67","5.052143E-19"
"Well Spur I","        67.5","3.650312E-19"
"Well Spur I","          68"," 2.63745E-19"
"Well Spur I","        68.5"," 1.90563E-19"
"Well Spur I","          69"," 1.37687E-19"
"Well Spur I","        69.5"," 9.94826E-20"
"Well Spur I","          70"," 7.18789E-20"
"Well Spur I","        70.5","5.193447E-20"
"Well Spur I","          71","3.752408E-20"
"Well Spur I","        71.5","2.711217E-20"
"Well Spur I","          72","1.958929E-20"
"Well Spur I","        72.5","1.415379E-20"
"Well Spur I","          73"," 1.02265E-20"
"Well Spur I","        73.5","7.388929E-21"
"Well Spur I","          74","5.338703E-21"
"Well Spur I","        74.5","3.857359E-21"
"Well Spur I","          75","2.787047E-21"
"Well Spur I","        75.5","2.013718E-21"
"Well Spur I","          76","1.454966E-21"
"Well Spur I","        76.5","1.051253E-21"
"Well Spur I","          77"," 7.59559E-22"
"Well Spur I","        77.5","5.488022E-22"
"Well Spur I","          78","3.965246E-22"
"Well Spur I","        78.5","2.864999E-22"
"Well Spur I","          79"," 2.07004E-22"
"Well Spur I","        79.5"," 1.49566E-22"
"Well Spur I","          80","1.080656E-22"
"Scarlet Gala","           0","        2.61"
"Scarlet Gala","         0.5","1.7938250176"
"Scarlet Gala","           1","1.2328767027"
"Scarlet Gala","         1.5","0.8473429398"
"Scarlet Gala","           2"," 0.582369718"
"Scarlet Gala","         2.5","0.4002564635"
"Scarlet Gala","           3","0.2750919761"
"Scarlet Gala","         3.5","0.1890677659"
"Scarlet Gala","           4","0.1299442484"
"Scarlet Gala","         4.5","0.0893092888"
"Scarlet Gala","           5","0.0613813167"
"Scarlet Gala","         5.5","0.0421867209"
"Scarlet Gala","           6"," 0.028994481"
"Scarlet Gala","         6.5","0.0199275959"
"Scarlet Gala","           7"," 0.013696023"
"Scarlet Gala","         7.5","0.0094131298"
"Scarlet Gala","           8","0.0064695432"
"Scarlet Gala","         8.5","0.0044464477"
"Scarlet Gala","           9","0.0030559958"
"Scarlet Gala","         9.5","0.0021003532"
"Scarlet Gala","          10","0.0014435502"
"Scarlet Gala","        10.5","0.0009921366"
"Scarlet Gala","          11","0.0006818848"
"Scarlet Gala","        11.5","0.0004686521"
"Scarlet Gala","          12","0.0003220996"
"Scarlet Gala","        12.5","0.0002213756"
"Scarlet Gala","          13","0.0001521491"
"Scarlet Gala","        13.5","0.0001045704"
"Scarlet Gala","          14","0.0000718701"
"Scarlet Gala","        14.5","0.0000493956"
"Scarlet Gala","          15"," 0.000033949"
"Scarlet Gala","        15.5","0.0000233328"
"Scarlet Gala","          16","0.0000160364"
"Scarlet Gala","        16.5","0.0000110216"
"Scarlet Gala","          17","7.5750563E-6"
"Scarlet Gala","        17.5"," 5.206255E-6"
"Scarlet Gala","          18","3.5782032E-6"
"Scarlet Gala","        18.5","2.4592607E-6"
"Scarlet Gala","          19","1.6902235E-6"
"Scarlet Gala","        19.5","1.1616725E-6"
"Scarlet Gala","          20","7.9840506E-7"
"Scarlet Gala","        20.5","5.4873524E-7"
"Scarlet Gala","          21","3.7713984E-7"
"Scarlet Gala","        21.5","2.5920417E-7"
"Scarlet Gala","          22","1.7814825E-7"
"Scarlet Gala","        22.5","1.2243938E-7"
"Scarlet Gala","          23","8.4151274E-8"
"Scarlet Gala","        23.5","5.7836268E-8"
"Scarlet Gala","          24","3.9750247E-8"
"Scarlet Gala","        24.5","2.7319919E-8"
"Scarlet Gala","          25","1.8776687E-8"
"Scarlet Gala","        25.5","1.2905016E-8"
"Scarlet Gala","          26"," 8.869479E-9"
"Scarlet Gala","        26.5","6.0958978E-9"
"Scarlet Gala","          27","4.1896452E-9"
"Scarlet Gala","        27.5","2.8794982E-9"
"Scarlet Gala","          28","1.9790483E-9"
"Scarlet Gala","        28.5","1.3601787E-9"
"Scarlet Gala","          29","9.348362E-10"
"Scarlet Gala","        29.5","6.425029E-10"
"Scarlet Gala","          30","4.415854E-10"
"Scarlet Gala","        30.5","3.034969E-10"
"Scarlet Gala","          31","2.085902E-10"
"Scarlet Gala","        31.5","1.433618E-10"
"Scarlet Gala","          32","9.853101E-11"
"Scarlet Gala","        32.5","6.771931E-11"
"Scarlet Gala","          33","4.654275E-11"
"Scarlet Gala","        33.5","3.198834E-11"
"Scarlet Gala","          34","2.198524E-11"
"Scarlet Gala","        34.5","1.511022E-11"
"Scarlet Gala","          35","1.038509E-11"
"Scarlet Gala","        35.5","7.137563E-12"
"Scarlet Gala","          36"," 4.90557E-12"
"Scarlet Gala","        36.5","3.371546E-12"
"Scarlet Gala","          37","2.317227E-12"
"Scarlet Gala","        37.5","1.592605E-12"
"Scarlet Gala","          38","1.094581E-12"
"Scarlet Gala","        38.5","7.522936E-13"
"Scarlet Gala","          39","5.170433E-13"
"Scarlet Gala","        39.5","3.553583E-13"
"Scarlet Gala","          40"," 2.44234E-13"
"Scarlet Gala","        40.5","1.678594E-13"
"Scarlet Gala","          41"," 1.15368E-13"
"Scarlet Gala","        41.5","7.929116E-14"
"Scarlet Gala","          42","5.449596E-14"
"Scarlet Gala","        42.5","3.745449E-14"
"Scarlet Gala","          43","2.574207E-14"
"Scarlet Gala","        43.5","1.769225E-14"
"Scarlet Gala","          44","1.215969E-14"
"Scarlet Gala","        44.5","8.357227E-15"
"Scarlet Gala","          45","5.743832E-15"
"Scarlet Gala","        45.5","3.947674E-15"
"Scarlet Gala","          46","2.713194E-15"
"Scarlet Gala","        46.5","1.864749E-15"
"Scarlet Gala","          47","1.281622E-15"
"Scarlet Gala","        47.5","8.808452E-16"
"Scarlet Gala","          48","6.053955E-16"
"Scarlet Gala","        48.5","4.160818E-16"
"Scarlet Gala","          49","2.859686E-16"
"Scarlet Gala","        49.5","1.965431E-16"
"Scarlet Gala","          50"," 1.35082E-16"
"Scarlet Gala","        50.5"," 9.28404E-17"
"Scarlet Gala","          51","6.380821E-17"
"Scarlet Gala","        51.5"," 4.38547E-17"
"Scarlet Gala","          52","3.014087E-17"
"Scarlet Gala","        52.5","2.071549E-17"
"Scarlet Gala","          53","1.423754E-17"
"Scarlet Gala","        53.5","9.785306E-18"
"Scarlet Gala","          54","6.725336E-18"
"Scarlet Gala","        54.5","4.622251E-18"
"Scarlet Gala","          55","3.176824E-18"
"Scarlet Gala","        55.5","2.183397E-18"
"Scarlet Gala","          56","1.500625E-18"
"Scarlet Gala","        56.5","1.031364E-18"
"Scarlet Gala","          57","7.088452E-19"
"Scarlet Gala","        57.5","4.871817E-19"
"Scarlet Gala","          58","3.348348E-19"
"Scarlet Gala","        58.5","2.301283E-19"
"Scarlet Gala","          59","1.581647E-19"
"Scarlet Gala","        59.5","1.087049E-19"
"Scarlet Gala","          60","7.471173E-20"
"Scarlet Gala","        60.5","5.134857E-20"
"Scarlet Gala","          61","3.529132E-20"
"Scarlet Gala","        61.5","2.425535E-20"
"Scarlet Gala","          62","1.667044E-20"
"Scarlet Gala","        62.5","1.145742E-20"
"Scarlet Gala","          63","7.874559E-21"
"Scarlet Gala","        63.5","  5.4121E-21"
"Scarlet Gala","          64","3.719678E-21"
"Scarlet Gala","        64.5","2.556495E-21"
"Scarlet Gala","          65","1.757052E-21"
"Scarlet Gala","        65.5","1.207603E-21"
"Scarlet Gala","          66","8.299724E-22"
"Scarlet Gala","        66.5","5.704311E-22"
"Scarlet Gala","          67","3.920512E-22"
"Scarlet Gala","        67.5","2.694526E-22"
"Scarlet Gala","          68","1.851919E-22"
"Scarlet Gala","        68.5","1.272804E-22"
"Scarlet Gala","          69","8.747845E-23"
"Scarlet Gala","        69.5","  6.0123E-23"
"Scarlet Gala","          70","4.132189E-23"
"Scarlet Gala","        70.5","2.840009E-23"
"Scarlet Gala","          71","1.951908E-23"
"Scarlet Gala","        71.5","1.341525E-23"
"Scarlet Gala","          72","9.220161E-24"
"Scarlet Gala","        72.5","6.336918E-24"
"Scarlet Gala","          73","4.355295E-24"
"Scarlet Gala","        73.5","2.993348E-24"
"Scarlet Gala","          74","2.057296E-24"
"Scarlet Gala","        74.5","1.413957E-24"
"Scarlet Gala","          75","9.717978E-25"
"Scarlet Gala","        75.5","6.679062E-25"
"Scarlet Gala","          76","4.590448E-25"
"Scarlet Gala","        76.5","3.154965E-25"
"Scarlet Gala","          77","2.168374E-25"
"Scarlet Gala","        77.5","  1.4903E-25"
"Scarlet Gala","          78","1.024267E-25"
"Scarlet Gala","        78.5","7.039679E-26"
"Scarlet Gala","          79","4.838296E-26"
"Scarlet Gala","        79.5","3.325309E-26"
"Scarlet Gala","          80","2.285449E-26"
"Top Red","           0","        6.16"
"Top Red","         0.5","4.1706703469"
"Top Red","           1","2.8237810296"
"Top Red","         1.5","1.9118603582"
"Top Red","           2","1.2944381986"
"Top Red","         2.5"," 0.876408281"
"Top Red","           3","0.5933782515"
"Top Red","         3.5","0.4017508244"
"Top Red","           4","0.2720081575"
"Top Red","         4.5","0.1841649929"
"Top Red","           5","0.1246901745"
"Top Red","         5.5","0.0844223398"
"Top Red","           6","0.0571587255"
"Top Red","         6.5","0.0386997081"
"Top Red","           7","0.0262019034"
"Top Red","         7.5","0.0177401788"
"Top Red","           8","  0.01201111"
"Top Red","         8.5","0.0081322046"
"Top Red","           9"," 0.005505965"
"Top Red","         9.5","0.0037278515"
"Top Red","          10","0.0025239675"
"Top Red","        10.5","0.0017088695"
"Top Red","          11","0.0011570019"
"Top Red","        11.5","0.0007833561"
"Top Red","          12","0.0005303766"
"Top Red","        12.5","0.0003590951"
"Top Red","          13","0.0002431278"
"Top Red","        13.5","0.0001646114"
"Top Red","          14","0.0001114513"
"Top Red","        14.5","0.0000754588"
"Top Red","          15","0.0000510899"
"Top Red","        15.5","0.0000345908"
"Top Red","          16","0.0000234199"
"Top Red","        16.5","0.0000158566"
"Top Red","          17","0.0000107358"
"Top Red","        17.5","7.2687718E-6"
"Top Red","          18","4.9213719E-6"
"Top Red","        18.5","3.3320487E-6"
"Top Red","          19","2.2559865E-6"
"Top Red","        19.5","1.5274311E-6"
"Top Red","          20","1.0341578E-6"
"Top Red","        20.5","7.0018362E-7"
"Top Red","          21","4.7406413E-7"
"Top Red","        21.5","3.2096838E-7"
"Top Red","          22","2.1731385E-7"
"Top Red","        22.5","1.4713383E-7"
"Top Red","          23","9.9617974E-8"
"Top Red","        23.5","6.7447034E-8"
"Top Red","          24","4.5665478E-8"
"Top Red","        24.5","3.0918126E-8"
"Top Red","          25"," 2.093333E-8"
"Top Red","        25.5","1.4173055E-8"
"Top Red","          26","9.5959642E-9"
"Top Red","        26.5","6.4970135E-9"
"Top Red","          27","4.3988477E-9"
"Top Red","        27.5","2.9782701E-9"
"Top Red","          28","2.0164582E-9"
"Top Red","        28.5","1.3652569E-9"
"Top Red","          29","9.243566E-10"
"Top Red","        29.5"," 6.25842E-10"
"Top Red","          30","4.237306E-10"
"Top Red","        30.5","2.868897E-10"
"Top Red","          31","1.942407E-10"
"Top Red","        31.5"," 1.31512E-10"
"Top Red","          32","8.904109E-11"
"Top Red","        32.5","6.028588E-11"
"Top Red","          33","4.081697E-11"
"Top Red","        33.5","2.763541E-11"
"Top Red","          34","1.871074E-11"
"Top Red","        34.5","1.266824E-11"
"Top Red","          35","8.577117E-12"
"Top Red","        35.5","5.807196E-12"
"Top Red","          36","3.931802E-12"
"Top Red","        36.5","2.662054E-12"
"Top Red","          37","1.802362E-12"
"Top Red","        37.5","1.220301E-12"
"Top Red","          38","8.262135E-13"
"Top Red","        38.5","5.593935E-13"
"Top Red","          39","3.787412E-13"
"Top Red","        39.5","2.564293E-13"
"Top Red","          40","1.736173E-13"
"Top Red","        40.5","1.175488E-13"
"Top Red","          41","7.958719E-14"
"Top Red","        41.5","5.388506E-14"
"Top Red","          42","3.648325E-14"
"Top Red","        42.5","2.470123E-14"
"Top Red","          43","1.672414E-14"
"Top Red","        43.5","1.132319E-14"
"Top Red","          44","7.666446E-15"
"Top Red","        44.5"," 5.19062E-15"
"Top Red","          45","3.514345E-15"
"Top Red","        45.5","2.379411E-15"
"Top Red","          46","1.610997E-15"
"Top Red","        46.5","1.090737E-15"
"Top Red","          47","7.384907E-16"
"Top Red","        47.5","5.000002E-16"
"Top Red","          48","3.385286E-16"
"Top Red","        48.5","2.292031E-16"
"Top Red","          49","1.551835E-16"
"Top Red","        49.5","1.050681E-16"
"Top Red","          50","7.113706E-17"
"Top Red","        50.5","4.816384E-17"
"Top Red","          51","3.260966E-17"
"Top Red","        51.5","2.207859E-17"
"Top Red","          52","1.494846E-17"
"Top Red","        52.5","1.012096E-17"
"Top Red","          53","6.852465E-18"
"Top Red","        53.5","4.639509E-18"
"Top Red","          54","3.141211E-18"
"Top Red","        54.5","2.126779E-18"
"Top Red","          55"," 1.43995E-18"
"Top Red","        55.5","9.749281E-19"
"Top Red","          56","6.600818E-19"
"Top Red","        56.5","4.469129E-19"
"Top Red","          57","3.025855E-19"
"Top Red","        57.5","2.048676E-19"
"Top Red","          58"," 1.38707E-19"
"Top Red","        58.5","9.391252E-20"
"Top Red","          59","6.358412E-20"
"Top Red","        59.5","4.305006E-20"
"Top Red","          60","2.914734E-20"
"Top Red","        60.5","1.973441E-20"
"Top Red","          61","1.336132E-20"
"Top Red","        61.5","9.046371E-21"
"Top Red","          62","6.124908E-21"
"Top Red","        62.5","4.146911E-21"
"Top Red","          63","2.807695E-21"
"Top Red","        63.5","1.900969E-21"
"Top Red","          64","1.287064E-21"
"Top Red","        64.5","8.714156E-22"
"Top Red","          65","5.899979E-22"
"Top Red","        65.5","3.994621E-22"
"Top Red","          66","2.704586E-22"
"Top Red","        66.5","1.831158E-22"
"Top Red","          67","1.239798E-22"
"Top Red","        67.5","8.394141E-23"
"Top Red","          68","5.683311E-23"
"Top Red","        68.5","3.847925E-23"
"Top Red","          69","2.605264E-23"
"Top Red","        69.5","1.763912E-23"
"Top Red","          70","1.194269E-23"
"Top Red","        70.5","8.085877E-24"
"Top Red","          71","5.474599E-24"
"Top Red","        71.5","3.706615E-24"
"Top Red","          72","2.509589E-24"
"Top Red","        72.5","1.699135E-24"
"Top Red","          73","1.150411E-24"
"Top Red","        73.5","7.788935E-25"
"Top Red","          74","5.273552E-25"
"Top Red","        74.5","3.570495E-25"
"Top Red","          75","2.417428E-25"
"Top Red","        75.5","1.636736E-25"
"Top Red","          76","1.108163E-25"
"Top Red","        76.5","7.502897E-26"
"Top Red","          77","5.079888E-26"
"Top Red","        77.5","3.439373E-26"
"Top Red","          78","2.328651E-26"
"Top Red","        78.5","1.576629E-26"
"Top Red","          79","1.067468E-26"
"Top Red","        79.5","7.227363E-27"
"Top Red","          80","4.893336E-27"
"Royal Delicious","           0","        3.22"
"Royal Delicious","         0.5"," 2.676155794"
"Royal Delicious","           1","2.2241645447"
"Royal Delicious","         1.5","1.8485126811"
"Royal Delicious","           2"," 1.536306808"
"Royal Delicious","         2.5","1.2768311694"
"Royal Delicious","           3","1.0611798547"
"Royal Delicious","         3.5","0.8819511231"
"Royal Delicious","           4","0.7329933566"
"Royal Delicious","         4.5","0.6091939187"
"Royal Delicious","           5","0.5063036755"
"Royal Delicious","         5.5","0.4207911537"
"Royal Delicious","           6","0.3497213304"
"Royal Delicious","         6.5","0.2906548959"
"Royal Delicious","           7","0.2415645291"
"Royal Delicious","         7.5","0.2007653149"
"Royal Delicious","           8","0.1668569133"
"Royal Delicious","         8.5","0.1386754954"
"Royal Delicious","           9","0.1152537983"
"Royal Delicious","         9.5","0.0957879255"
"Royal Delicious","          10","0.0796097552"
"Royal Delicious","        10.5","0.0661640086"
"Royal Delicious","          11"," 0.054989191"
"Royal Delicious","        11.5","0.0457017522"
"Royal Delicious","          12"," 0.037982922"
"Royal Delicious","        12.5","0.0315677692"
"Royal Delicious","          13","0.0262361082"
"Royal Delicious","        13.5","0.0218049419"
"Royal Delicious","          14","0.0181221807"
"Royal Delicious","        14.5"," 0.015061422"
"Royal Delicious","          15","0.0125176123"
"Royal Delicious","        15.5","0.0104034412"
"Royal Delicious","          16","0.0086463446"
"Royal Delicious","        16.5"," 0.007186014"
"Royal Delicious","          17"," 0.005972327"
"Royal Delicious","        17.5","0.0049636266"
"Royal Delicious","          18","0.0041252913"
"Royal Delicious","        18.5","0.0034285473"
"Royal Delicious","          19","0.0028494803"
"Royal Delicious","        19.5","0.0023682153"
"Royal Delicious","          20","0.0019682339"
"Royal Delicious","        20.5","0.0016358076"
"Royal Delicious","          21","0.0013595267"
"Royal Delicious","        21.5","0.0011299085"
"Royal Delicious","          22","0.0009390718"
"Royal Delicious","        22.5","0.0007804666"
"Royal Delicious","          23","0.0006486491"
"Royal Delicious","        23.5","0.0005390951"
"Royal Delicious","          24","0.0004480442"
"Royal Delicious","        24.5","0.0003723715"
"Royal Delicious","          25","0.0003094795"
"Royal Delicious","        25.5","0.0002572098"
"Royal Delicious","          26","0.0002137681"
"Royal Delicious","        26.5","0.0001776636"
"Royal Delicious","          27"," 0.000147657"
"Royal Delicious","        27.5","0.0001227184"
"Royal Delicious","          28","0.0001019917"
"Royal Delicious","        28.5","0.0000847658"
"Royal Delicious","          29","0.0000704492"
"Royal Delicious","        29.5","0.0000585506"
"Royal Delicious","          30","0.0000486617"
"Royal Delicious","        30.5","0.0000404429"
"Royal Delicious","          31","0.0000336123"
"Royal Delicious","        31.5","0.0000279353"
"Royal Delicious","          32","0.0000232172"
"Royal Delicious","        32.5","0.0000192959"
"Royal Delicious","          33","0.0000160369"
"Royal Delicious","        33.5","0.0000133283"
"Royal Delicious","          34","0.0000110772"
"Royal Delicious","        34.5","9.2063358E-6"
"Royal Delicious","          35","7.6514251E-6"
"Royal Delicious","        35.5","6.3591322E-6"
"Royal Delicious","          36"," 5.285102E-6"
"Royal Delicious","        36.5","4.3924709E-6"
"Royal Delicious","          37","3.6506014E-6"
"Royal Delicious","        37.5","3.0340305E-6"
"Royal Delicious","          38","2.5215957E-6"
"Royal Delicious","        38.5"," 2.095709E-6"
"Royal Delicious","          39","1.7417527E-6"
"Royal Delicious","        39.5","1.4475781E-6"
"Royal Delicious","          40","1.2030884E-6"
"Royal Delicious","        40.5","9.9989192E-7"
"Royal Delicious","          41","8.3101446E-7"
"Royal Delicious","        41.5","6.9065968E-7"
"Royal Delicious","          42","5.7401022E-7"
"Royal Delicious","        42.5","4.7706235E-7"
"Royal Delicious","          43","3.9648856E-7"
"Royal Delicious","        43.5","3.2952334E-7"
"Royal Delicious","          44","2.7386826E-7"
"Royal Delicious","        44.5","2.2761309E-7"
"Royal Delicious","          45","1.8917021E-7"
"Royal Delicious","        45.5","1.5722017E-7"
"Royal Delicious","          46","1.3066636E-7"
"Royal Delicious","        46.5","1.0859737E-7"
"Royal Delicious","          47"," 9.025574E-8"
"Royal Delicious","        47.5","7.5011932E-8"
"Royal Delicious","          48","6.2342738E-8"
"Royal Delicious","        48.5","5.1813317E-8"
"Royal Delicious","          49"," 4.306227E-8"
"Royal Delicious","        49.5","3.5789237E-8"
"Royal Delicious","          50","2.9744588E-8"
"Royal Delicious","        50.5","2.4720854E-8"
"Royal Delicious","          51","2.0545608E-8"
"Royal Delicious","        51.5","1.7075543E-8"
"Royal Delicious","          52","1.4191557E-8"
"Royal Delicious","        52.5","1.1794664E-8"
"Royal Delicious","          53","9.8025955E-9"
"Royal Delicious","        53.5","8.1469791E-9"
"Royal Delicious","          54","6.7709892E-9"
"Royal Delicious","        54.5","5.6273982E-9"
"Royal Delicious","          55","4.6769547E-9"
"Royal Delicious","        55.5","3.8870371E-9"
"Royal Delicious","          56","3.2305332E-9"
"Royal Delicious","        56.5","  2.68491E-9"
"Royal Delicious","          57","2.2314402E-9"
"Royal Delicious","        57.5","1.8545595E-9"
"Royal Delicious","          58","1.5413323E-9"
"Royal Delicious","        58.5","1.2810079E-9"
"Royal Delicious","          59","1.0646512E-9"
"Royal Delicious","        59.5","8.848361E-10"
"Royal Delicious","          60","7.353911E-10"
"Royal Delicious","        60.5","6.111867E-10"
"Royal Delicious","          61","5.079599E-10"
"Royal Delicious","        61.5","4.221676E-10"
"Royal Delicious","          62","3.508653E-10"
"Royal Delicious","        62.5","2.916057E-10"
"Royal Delicious","          63","2.423547E-10"
"Royal Delicious","        63.5","2.014221E-10"
"Royal Delicious","          64","1.674027E-10"
"Royal Delicious","        64.5","1.391291E-10"
"Royal Delicious","          65","1.156308E-10"
"Royal Delicious","        65.5","9.610126E-11"
"Royal Delicious","          66","7.987017E-11"
"Royal Delicious","        66.5","6.638044E-11"
"Royal Delicious","          67","5.516907E-11"
"Royal Delicious","        67.5","4.585125E-11"
"Royal Delicious","          68","3.810717E-11"
"Royal Delicious","        68.5","3.167103E-11"
"Royal Delicious","          69","2.632193E-11"
"Royal Delicious","        69.5","2.187627E-11"
"Royal Delicious","          70","1.818146E-11"
"Royal Delicious","        70.5","1.511069E-11"
"Royal Delicious","          71","1.255856E-11"
"Royal Delicious","        71.5","1.043747E-11"
"Royal Delicious","          72","8.674628E-12"
"Royal Delicious","        72.5","7.209521E-12"
"Royal Delicious","          73","5.991864E-12"
"Royal Delicious","        73.5","4.979863E-12"
"Royal Delicious","          74","4.138786E-12"
"Royal Delicious","        74.5","3.439763E-12"
"Royal Delicious","          75","2.858801E-12"
"Royal Delicious","        75.5","2.375962E-12"
"Royal Delicious","          76","1.974672E-12"
"Royal Delicious","        76.5","1.641159E-12"
"Royal Delicious","          77","1.363974E-12"
"Royal Delicious","        77.5","1.133605E-12"
"Royal Delicious","          78","9.421436E-13"
"Royal Delicious","        78.5","7.830196E-13"
"Royal Delicious","          79"," 6.50771E-13"
"Royal Delicious","        79.5","5.408585E-13"
"Royal Delicious","          80","4.495098E-13"
"Super Chief","           0","        1.76"
"Super Chief","         0.5","1.1975931197"
"Super Chief","           1","0.8149030002"
"Super Chief","         1.5"," 0.554501265"
"Super Chief","           2","0.3773107385"
"Super Chief","         2.5","0.2567413321"
"Super Chief","           3","0.1746998027"
"Super Chief","         3.5","0.1188745919"
"Super Chief","           4","0.0808882917"
"Super Chief","         4.5","0.0550404896"
"Super Chief","           5","0.0374523361"
"Super Chief","         5.5","0.0254844659"
"Super Chief","           6","0.0173409211"
"Super Chief","         6.5","0.0117996408"
"Super Chief","           7","0.0080290731"
"Super Chief","         7.5","0.0054633879"
"Super Chief","           8","0.0037175658"
"Super Chief","         8.5","  0.00252962"
"Super Chief","           9","0.0017212815"
"Super Chief","         9.5","0.0011712471"
"Super Chief","          10","0.0007969758"
"Super Chief","        10.5","0.0005423027"
"Super Chief","          11","0.0003690102"
"Super Chief","        11.5","0.0002510932"
"Super Chief","          12","0.0001708566"
"Super Chief","        12.5","0.0001162595"
"Super Chief","          13","0.0000791088"
"Super Chief","        13.5","0.0000538296"
"Super Chief","          14","0.0000366284"
"Super Chief","        14.5","0.0000249238"
"Super Chief","          15","0.0000169594"
"Super Chief","        15.5","0.0000115401"
"Super Chief","          16","7.8524404E-6"
"Super Chief","        16.5","5.3431981E-6"
"Super Chief","          17","3.6357825E-6"
"Super Chief","        17.5","2.4739705E-6"
"Super Chief","          18","1.6834148E-6"
"Super Chief","        18.5","1.1454807E-6"
"Super Chief","          19","7.7944307E-7"
"Super Chief","        19.5","5.3037253E-7"
"Super Chief","          20","3.6089233E-7"
"Super Chief","        20.5","2.4556941E-7"
"Super Chief","          21","1.6709786E-7"
"Super Chief","        21.5","1.1370185E-7"
"Super Chief","          22","7.7368494E-8"
"Super Chief","        22.5","5.2645441E-8"
"Super Chief","          23","3.5822624E-8"
"Super Chief","        23.5","2.4375527E-8"
"Super Chief","          24","1.6586343E-8"
"Super Chief","        24.5","1.1286188E-8"
"Super Chief","          25","7.6796936E-9"
"Super Chief","        25.5","5.2256524E-9"
"Super Chief","          26","3.5557985E-9"
"Super Chief","        26.5","2.4195453E-9"
"Super Chief","          27","1.6463812E-9"
"Super Chief","        27.5","1.1202811E-9"
"Super Chief","          28"," 7.62296E-10"
"Super Chief","        28.5","5.187048E-10"
"Super Chief","          29"," 3.52953E-10"
"Super Chief","        29.5","2.401671E-10"
"Super Chief","          30","1.634219E-10"
"Super Chief","        30.5","1.112005E-10"
"Super Chief","          31","7.566645E-11"
"Super Chief","        31.5","5.148729E-11"
"Super Chief","          32","3.503456E-11"
"Super Chief","        32.5","2.383929E-11"
"Super Chief","          33","1.622146E-11"
"Super Chief","        33.5"," 1.10379E-11"
"Super Chief","          34","7.510747E-12"
"Super Chief","        34.5","5.110693E-12"
"Super Chief","          35","3.477574E-12"
"Super Chief","        35.5","2.366317E-12"
"Super Chief","          36","1.610162E-12"
"Super Chief","        36.5","1.095636E-12"
"Super Chief","          37","7.455261E-13"
"Super Chief","        37.5","5.072937E-13"
"Super Chief","          38","3.451883E-13"
"Super Chief","        38.5","2.348836E-13"
"Super Chief","          39","1.598267E-13"
"Super Chief","        39.5","1.087542E-13"
"Super Chief","          40","7.400186E-14"
"Super Chief","        40.5","5.035461E-14"
"Super Chief","          41","3.426383E-14"
"Super Chief","        41.5","2.331484E-14"
"Super Chief","          42"," 1.58646E-14"
"Super Chief","        42.5","1.079508E-14"
"Super Chief","          43","7.345517E-15"
"Super Chief","        43.5","4.998262E-15"
"Super Chief","          44"," 3.40107E-15"
"Super Chief","        44.5","2.314261E-15"
"Super Chief","          45"," 1.57474E-15"
"Super Chief","        45.5","1.071533E-15"
"Super Chief","          46","7.291252E-16"
"Super Chief","        46.5","4.961337E-16"
"Super Chief","          47","3.375945E-16"
"Super Chief","        47.5","2.297164E-16"
"Super Chief","          48","1.563107E-16"
"Super Chief","        48.5","1.063617E-16"
"Super Chief","          49","7.237388E-17"
"Super Chief","        49.5","4.924685E-17"
"Super Chief","          50","3.351005E-17"
"Super Chief","        50.5","2.280194E-17"
"Super Chief","          51","1.551559E-17"
"Super Chief","        51.5","1.055759E-17"
"Super Chief","          52","7.183922E-18"
"Super Chief","        52.5","4.888304E-18"
"Super Chief","          53"," 3.32625E-18"
"Super Chief","        53.5","2.263349E-18"
"Super Chief","          54","1.540097E-18"
"Super Chief","        54.5"," 1.04796E-18"
"Super Chief","          55","7.130851E-19"
"Super Chief","        55.5","4.852192E-19"
"Super Chief","          56","3.301677E-19"
"Super Chief","        56.5","2.246628E-19"
"Super Chief","          57"," 1.52872E-19"
"Super Chief","        57.5","1.040218E-19"
"Super Chief","          58","7.078172E-20"
"Super Chief","        58.5","4.816347E-20"
"Super Chief","          59","3.277286E-20"
"Super Chief","        59.5","2.230031E-20"
"Super Chief","          60","1.517426E-20"
"Super Chief","        60.5","1.032534E-20"
"Super Chief","          61","7.025882E-21"
"Super Chief","        61.5","4.780766E-21"
"Super Chief","          62","3.253075E-21"
"Super Chief","        62.5","2.213557E-21"
"Super Chief","          63","1.506216E-21"
"Super Chief","        63.5","1.024906E-21"
"Super Chief","          64","6.973978E-22"
"Super Chief","        64.5","4.745448E-22"
"Super Chief","          65","3.229043E-22"
"Super Chief","        65.5","2.197204E-22"
"Super Chief","          66","1.495089E-22"
"Super Chief","        66.5","1.017334E-22"
"Super Chief","          67","6.922458E-23"
"Super Chief","        67.5","4.710391E-23"
"Super Chief","          68","3.205189E-23"
"Super Chief","        68.5","2.180973E-23"
"Super Chief","          69","1.484044E-23"
"Super Chief","        69.5","1.009819E-23"
"Super Chief","          70","6.871319E-24"
"Super Chief","        70.5","4.675593E-24"
"Super Chief","          71"," 3.18151E-24"
"Super Chief","        71.5","2.164861E-24"
"Super Chief","          72","1.473081E-24"
"Super Chief","        72.5","1.002359E-24"
"Super Chief","          73","6.820557E-25"
"Super Chief","        73.5","4.641052E-25"
"Super Chief","          74","3.158007E-25"
"Super Chief","        74.5","2.148868E-25"
"Super Chief","          75","1.462199E-25"
"Super Chief","        75.5","9.949539E-26"
"Super Chief","          76"," 6.77017E-26"
"Super Chief","        76.5","4.606767E-26"
"Super Chief","          77","3.134677E-26"
"Super Chief","        77.5","2.132993E-26"
"Super Chief","          78","1.451397E-26"
"Super Chief","        78.5","9.876037E-27"
"Super Chief","          79","6.720156E-27"
"Super Chief","        79.5","4.572734E-27"
"Super Chief","          80"," 3.11152E-27"
"Silver Spur","           0","        3.68"
"Silver Spur","         0.5","2.8233178959"
"Silver Spur","           1","2.1660662884"
"Silver Spur","         1.5","1.6618189445"
"Silver Spur","           2"," 1.274957382"
"Silver Spur","         2.5","0.9781548894"
"Silver Spur","           3","0.7504462512"
"Silver Spur","         3.5"," 0.575746829"
"Silver Spur","           4","0.4417163929"
"Silver Spur","         4.5","0.3388874449"
"Silver Spur","           5","0.2599964641"
"Silver Spur","         5.5","0.1994708342"
"Silver Spur","           6","0.1530352108"
"Silver Spur","         6.5","0.1174095243"
"Silver Spur","           7","0.0900772856"
"Silver Spur","         7.5","0.0691078295"
"Silver Spur","           8"," 0.053019938"
"Silver Spur","         8.5","0.0406772119"
"Silver Spur","           9"," 0.031207799"
"Silver Spur","         9.5","0.0239428091"
"Silver Spur","          10","0.0183690656"
"Silver Spur","        10.5","0.0140928564"
"Silver Spur","          11","0.0108121233"
"Silver Spur","        11.5","0.0082951253"
"Silver Spur","          12","0.0063640695"
"Silver Spur","        12.5"," 0.004882552"
"Silver Spur","          13","0.0037459229"
"Silver Spur","        13.5","0.0028738944"
"Silver Spur","          14","0.0022048689"
"Silver Spur","        14.5","0.0016915885"
"Silver Spur","          15","0.0012977968"
"Silver Spur","        15.5","0.0009956774"
"Silver Spur","          16","0.0007638896"
"Silver Spur","        16.5","0.0005860607"
"Silver Spur","          17","0.0004496292"
"Silver Spur","        17.5","0.0003449582"
"Silver Spur","          18"," 0.000264654"
"Silver Spur","        18.5","0.0002030441"
"Silver Spur","          19","0.0001557767"
"Silver Spur","        19.5","0.0001195128"
"Silver Spur","          20","0.0000916909"
"Silver Spur","        20.5","0.0000703458"
"Silver Spur","          21","0.0000539697"
"Silver Spur","        21.5","0.0000414059"
"Silver Spur","          22","0.0000317669"
"Silver Spur","        22.5","0.0000243717"
"Silver Spur","          23","0.0000186981"
"Silver Spur","        23.5","0.0000143453"
"Silver Spur","          24","0.0000110058"
"Silver Spur","        24.5","8.4437229E-6"
"Silver Spur","          25","6.4780744E-6"
"Silver Spur","        25.5","4.9700172E-6"
"Silver Spur","          26","3.8130268E-6"
"Silver Spur","        26.5","2.9253769E-6"
"Silver Spur","          27","2.2443665E-6"
"Silver Spur","        27.5","1.7218914E-6"
"Silver Spur","          28","1.3210453E-6"
"Silver Spur","        28.5","1.0135138E-6"
"Silver Spur","          29","7.7757382E-7"
"Silver Spur","        29.5","5.9655926E-7"
"Silver Spur","          30","4.5768382E-7"
"Silver Spur","        30.5","3.5113775E-7"
"Silver Spur","          31","2.6939497E-7"
"Silver Spur","        31.5","2.0668142E-7"
"Silver Spur","          32","1.5856722E-7"
"Silver Spur","        32.5","1.2165371E-7"
"Silver Spur","          33","9.3333452E-8"
"Silver Spur","        33.5"," 7.160598E-8"
"Silver Spur","          34","5.4936534E-8"
"Silver Spur","        34.5","4.2147636E-8"
"Silver Spur","          35","3.2335917E-8"
"Silver Spur","        35.5","2.4808308E-8"
"Silver Spur","          36","1.9033081E-8"
"Silver Spur","        36.5","1.4602293E-8"
"Silver Spur","          37","1.1202966E-8"
"Silver Spur","        37.5","8.5949824E-9"
"Silver Spur","          38","6.5941216E-9"
"Silver Spur","        38.5","5.0590493E-9"
"Silver Spur","          39","3.8813328E-9"
"Silver Spur","        39.5","2.9777816E-9"
"Silver Spur","          40","2.2845718E-9"
"Silver Spur","        40.5"," 1.752737E-9"
"Silver Spur","          41","1.3447103E-9"
"Silver Spur","        41.5","1.0316697E-9"
"Silver Spur","          42","7.915032E-10"
"Silver Spur","        42.5","6.072459E-10"
"Silver Spur","          43","4.658827E-10"
"Silver Spur","        43.5"," 3.57428E-10"
"Silver Spur","          44","2.742209E-10"
"Silver Spur","        44.5","2.103839E-10"
"Silver Spur","          45","1.614078E-10"
"Silver Spur","        45.5"," 1.23833E-10"
"Silver Spur","          46","9.500541E-11"
"Silver Spur","        46.5","7.288872E-11"
"Silver Spur","          47","5.592066E-11"
"Silver Spur","        47.5","4.290266E-11"
"Silver Spur","          48","3.291518E-11"
"Silver Spur","        48.5","2.525272E-11"
"Silver Spur","          49","1.937404E-11"
"Silver Spur","        49.5","1.486388E-11"
"Silver Spur","          50","1.140365E-11"
"Silver Spur","        50.5","8.748952E-12"
"Silver Spur","          51","6.712248E-12"
"Silver Spur","        51.5","5.149676E-12"
"Silver Spur","          52","3.950862E-12"
"Silver Spur","        52.5","3.031125E-12"
"Silver Spur","          53","2.325497E-12"
"Silver Spur","        53.5","1.784135E-12"
"Silver Spur","          54","1.368799E-12"
"Silver Spur","        54.5","1.050151E-12"
"Silver Spur","          55"," 8.05682E-13"
"Silver Spur","        55.5"," 6.18124E-13"
"Silver Spur","          56","4.742284E-13"
"Silver Spur","        56.5","3.638309E-13"
"Silver Spur","          57","2.791332E-13"
"Silver Spur","        57.5","2.141527E-13"
"Silver Spur","          58","1.642992E-13"
"Silver Spur","        58.5","1.260513E-13"
"Silver Spur","          59","9.670732E-14"
"Silver Spur","        59.5","7.419443E-14"
"Silver Spur","          60","5.692241E-14"
"Silver Spur","        60.5","4.367121E-14"
"Silver Spur","          61","3.350481E-14"
"Silver Spur","        61.5","2.570509E-14"
"Silver Spur","          62"," 1.97211E-14"
"Silver Spur","        62.5","1.513015E-14"
"Silver Spur","          63","1.160794E-14"
"Silver Spur","        63.5","8.905679E-15"
"Silver Spur","          64"," 6.83249E-15"
"Silver Spur","        64.5","5.241927E-15"
"Silver Spur","          65","4.021637E-15"
"Silver Spur","        65.5","3.085424E-15"
"Silver Spur","          66","2.367156E-15"
"Silver Spur","        66.5","1.816096E-15"
"Silver Spur","          67"," 1.39332E-15"
"Silver Spur","        67.5","1.068963E-15"
"Silver Spur","          68","8.201149E-16"
"Silver Spur","        68.5"," 6.29197E-16"
"Silver Spur","          69","4.827237E-16"
"Silver Spur","        69.5","3.703485E-16"
"Silver Spur","          70","2.841336E-16"
"Silver Spur","        70.5"," 2.17989E-16"
"Silver Spur","          71","1.672424E-16"
"Silver Spur","        71.5","1.283094E-16"
"Silver Spur","          72","9.843972E-17"
"Silver Spur","        72.5","7.552354E-17"
"Silver Spur","          73","5.794211E-17"
"Silver Spur","        73.5","4.445353E-17"
"Silver Spur","          74","3.410501E-17"
"Silver Spur","        74.5","2.616557E-17"
"Silver Spur","          75","2.007438E-17"
"Silver Spur","        75.5","1.540118E-17"
"Silver Spur","          76","1.181588E-17"
"Silver Spur","        76.5","9.065214E-18"
"Silver Spur","          77","6.954886E-18"
"Silver Spur","        77.5"," 5.33583E-18"
"Silver Spur","          78"," 4.09368E-18"
"Silver Spur","        78.5","3.140696E-18"
"Silver Spur","          79","2.409561E-18"
"Silver Spur","        79.5","1.848629E-18"
"Silver Spur","          80","1.418279E-18"
"Gale Gala","           0","        5.04"
"Gale Gala","         0.5","3.5339141538"
"Gale Gala","           1","2.4778867552"
"Gale Gala","         1.5"," 1.737428388"
"Gale Gala","           2","1.2182386452"
"Gale Gala","         2.5","0.8541965855"
"Gale Gala","           3"," 0.598939961"
"Gale Gala","         3.5","0.4199607947"
"Gale Gala","           4","0.2944653565"
"Gale Gala","         4.5","0.2064712879"
"Gale Gala","           5","0.1447721839"
"Gale Gala","         5.5","0.1015104106"
"Gale Gala","           6","0.0711764041"
"Gale Gala","         6.5","0.0499070044"
"Gale Gala","           7","0.0349934661"
"Gale Gala","         7.5","0.0245364891"
"Gale Gala","           8","0.0172043346"
"Gale Gala","         8.5","0.0120632225"
"Gale Gala","           9","0.0084584113"
"Gale Gala","         9.5","0.0059308133"
"Gale Gala","          10","0.0041585288"
"Gale Gala","        10.5","  0.00291585"
"Gale Gala","          11","0.0020445166"
"Gale Gala","        11.5","0.0014335607"
"Gale Gala","          12","0.0010051747"
"Gale Gala","        12.5","0.0007048018"
"Gale Gala","          13","0.0004941883"
"Gale Gala","        13.5","0.0003465117"
"Gale Gala","          14","0.0002429648"
"Gale Gala","        14.5","0.0001703605"
"Gale Gala","          15","0.0001194522"
"Gale Gala","        15.5","0.0000837567"
"Gale Gala","          16"," 0.000058728"
"Gale Gala","        16.5","0.0000411785"
"Gale Gala","          17","0.0000288733"
"Gale Gala","        17.5","0.0000202452"
"Gale Gala","          18","0.0000141954"
"Gale Gala","        18.5","9.9534243E-6"
"Gale Gala","          19","6.9790768E-6"
"Gale Gala","        19.5","4.8935433E-6"
"Gale Gala","          20","3.4312226E-6"
"Gale Gala","        20.5","2.4058822E-6"
"Gale Gala","          21","1.6869407E-6"
"Gale Gala","        21.5"," 1.182838E-6"
"Gale Gala","          22"," 8.293746E-7"
"Gale Gala","        22.5","5.8153544E-7"
"Gale Gala","          23","4.0775721E-7"
"Gale Gala","        23.5","2.8590853E-7"
"Gale Gala","          24","2.0047147E-7"
"Gale Gala","        24.5","1.4056527E-7"
"Gale Gala","          25","9.8560633E-8"
"Gale Gala","        25.5","6.9108098E-8"
"Gale Gala","          26","4.8456763E-8"
"Gale Gala","        26.5","3.3976595E-8"
"Gale Gala","          27","2.3823486E-8"
"Gale Gala","        27.5","1.6704396E-8"
"Gale Gala","          28","1.1712679E-8"
"Gale Gala","        28.5","8.2126194E-9"
"Gale Gala","          29","5.7584706E-9"
"Gale Gala","        29.5","4.0376867E-9"
"Gale Gala","          30","2.8311187E-9"
"Gale Gala","        30.5","1.9851052E-9"
"Gale Gala","          31","1.3919031E-9"
"Gale Gala","        31.5","9.759655E-10"
"Gale Gala","          32","6.843211E-10"
"Gale Gala","        32.5","4.798278E-10"
"Gale Gala","          33","3.364425E-10"
"Gale Gala","        33.5","2.359045E-10"
"Gale Gala","          34","  1.6541E-10"
"Gale Gala","        34.5","1.159811E-10"
"Gale Gala","          35","8.132286E-11"
"Gale Gala","        35.5","5.702143E-11"
"Gale Gala","          36","3.998191E-11"
"Gale Gala","        36.5","2.803426E-11"
"Gale Gala","          37","1.965688E-11"
"Gale Gala","        37.5","1.378288E-11"
"Gale Gala","          38","9.664189E-12"
"Gale Gala","        38.5","6.776273E-12"
"Gale Gala","          39","4.751342E-12"
"Gale Gala","        39.5","3.331515E-12"
"Gale Gala","          40"," 2.33597E-12"
"Gale Gala","        40.5"," 1.63792E-12"
"Gale Gala","          41","1.148466E-12"
"Gale Gala","        41.5","8.052739E-13"
"Gale Gala","          42","5.646367E-13"
"Gale Gala","        42.5","3.959082E-13"
"Gale Gala","          43","2.776003E-13"
"Gale Gala","        43.5"," 1.94646E-13"
"Gale Gala","          44","1.364806E-13"
"Gale Gala","        44.5","9.569657E-14"
"Gale Gala","          45","6.709989E-14"
"Gale Gala","        45.5","4.704866E-14"
"Gale Gala","          46","3.298927E-14"
"Gale Gala","        46.5"," 2.31312E-14"
"Gale Gala","          47","1.621899E-14"
"Gale Gala","        47.5","1.137232E-14"
"Gale Gala","          48"," 7.97397E-15"
"Gale Gala","        48.5","5.591136E-15"
"Gale Gala","          49","3.920356E-15"
"Gale Gala","        49.5"," 2.74885E-15"
"Gale Gala","          50"," 1.92742E-15"
"Gale Gala","        50.5","1.351456E-15"
"Gale Gala","          51"," 9.47605E-16"
"Gale Gala","        51.5","6.644355E-16"
"Gale Gala","          52","4.658845E-16"
"Gale Gala","        52.5","3.266658E-16"
"Gale Gala","          53","2.290494E-16"
"Gale Gala","        53.5","1.606034E-16"
"Gale Gala","          54","1.126108E-16"
"Gale Gala","        54.5","7.895971E-17"
"Gale Gala","          55","5.536445E-17"
"Gale Gala","        55.5","3.882008E-17"
"Gale Gala","          56","2.721961E-17"
"Gale Gala","        56.5","1.908567E-17"
"Gale Gala","          57","1.338236E-17"
"Gale Gala","        57.5","9.383359E-18"
"Gale Gala","          58","6.579362E-18"
"Gale Gala","        58.5","4.613274E-18"
"Gale Gala","          59","3.234705E-18"
"Gale Gala","        59.5","2.268089E-18"
"Gale Gala","          60","1.590324E-18"
"Gale Gala","        60.5","1.115093E-18"
"Gale Gala","          61","7.818736E-19"
"Gale Gala","        61.5"," 5.48229E-19"
"Gale Gala","          62","3.844036E-19"
"Gale Gala","        62.5","2.695336E-19"
"Gale Gala","          63","1.889898E-19"
"Gale Gala","        63.5","1.325146E-19"
"Gale Gala","          64","9.291574E-20"
"Gale Gala","        64.5","6.515005E-20"
"Gale Gala","          65","4.568148E-20"
"Gale Gala","        65.5","3.203064E-20"
"Gale Gala","          66","2.245904E-20"
"Gale Gala","        66.5","1.574768E-20"
"Gale Gala","          67","1.104185E-20"
"Gale Gala","        67.5","7.742255E-21"
"Gale Gala","          68","5.428664E-21"
"Gale Gala","        68.5","3.806435E-21"
"Gale Gala","          69","2.668971E-21"
"Gale Gala","        69.5","1.871412E-21"
"Gale Gala","          70","1.312184E-21"
"Gale Gala","        70.5","9.200687E-22"
"Gale Gala","          71","6.451277E-22"
"Gale Gala","        71.5","4.523464E-22"
"Gale Gala","          72","3.171733E-22"
"Gale Gala","        72.5","2.223935E-22"
"Gale Gala","          73","1.559364E-22"
"Gale Gala","        73.5","1.093385E-22"
"Gale Gala","          74","7.666523E-23"
"Gale Gala","        74.5","5.375563E-23"
"Gale Gala","          75","3.769202E-23"
"Gale Gala","        75.5","2.642864E-23"
"Gale Gala","          76","1.853106E-23"
"Gale Gala","        76.5","1.299349E-23"
"Gale Gala","          77","9.110689E-24"
"Gale Gala","        77.5","6.388173E-24"
"Gale Gala","          78","4.479217E-24"
"Gale Gala","        78.5","3.140708E-24"
"Gale Gala","          79","2.202181E-24"
"Gale Gala","        79.5","1.544111E-24"
"Gale Gala","          80"," 1.08269E-24"
"Oregon Spur II","           0","        4.25"
"Oregon Spur II","         0.5","2.4766800726"
"Oregon Spur II","           1"," 1.443280984"
"Oregon Spur II","         1.5","0.8410694711"
"Oregon Spur II","           2","0.4901317644"
"Oregon Spur II","         2.5","0.2856234291"
"Oregon Spur II","           3","0.1664465542"
"Oregon Spur II","         3.5","0.0969964386"
"Oregon Spur II","           4","0.0565245051"
"Oregon Spur II","         4.5","0.0329395565"
"Oregon Spur II","           5"," 0.019195469"
"Oregon Spur II","         5.5"," 0.011186126"
"Oregon Spur II","           6","0.0065186954"
"Oregon Spur II","         6.5","0.0037987583"
"Oregon Spur II","           7","0.0022137198"
"Oregon Spur II","         7.5","0.0012900413"
"Oregon Spur II","           8","0.0007517693"
"Oregon Spur II","         8.5","0.0004380923"
"Oregon Spur II","           9","0.0002552975"
"Oregon Spur II","         9.5","0.0001487742"
"Oregon Spur II","          10","0.0000866979"
"Oregon Spur II","        10.5"," 0.000050523"
"Oregon Spur II","          11","0.0000294422"
"Oregon Spur II","        11.5","0.0000171574"
"Oregon Spur II","          12","9.9984446E-6"
"Oregon Spur II","        12.5","5.8265761E-6"
"Oregon Spur II","          13"," 3.395427E-6"
"Oregon Spur II","        13.5","1.9786792E-6"
"Oregon Spur II","          14","1.1530718E-6"
"Oregon Spur II","        14.5"," 6.719506E-7"
"Oregon Spur II","          15","3.9157804E-7"
"Oregon Spur II","        15.5","2.2819142E-7"
"Oregon Spur II","          16","1.3297815E-7"
"Oregon Spur II","        16.5","7.7492784E-8"
"Oregon Spur II","          17","4.5158784E-8"
"Oregon Spur II","        17.5","2.6316203E-8"
"Oregon Spur II","          18","1.5335721E-8"
"Oregon Spur II","        18.5","8.9368647E-9"
"Oregon Spur II","          19","5.2079423E-9"
"Oregon Spur II","        19.5","3.0349193E-9"
"Oregon Spur II","          20","1.7685939E-9"
"Oregon Spur II","        20.5"," 1.030645E-9"
"Oregon Spur II","          21","6.006066E-10"
"Oregon Spur II","        21.5","3.500024E-10"
"Oregon Spur II","          22","2.039633E-10"
"Oregon Spur II","        22.5","1.188593E-10"
"Oregon Spur II","          23","6.926503E-11"
"Oregon Spur II","        23.5","4.036407E-11"
"Oregon Spur II","          24","2.352209E-11"
"Oregon Spur II","        24.5","1.370746E-11"
"Oregon Spur II","          25","7.987997E-12"
"Oregon Spur II","        25.5","4.654992E-12"
"Oregon Spur II","          26","2.712688E-12"
"Oregon Spur II","        26.5","1.580814E-12"
"Oregon Spur II","          27","9.212168E-13"
"Oregon Spur II","        27.5","5.368375E-13"
"Oregon Spur II","          28","3.128411E-13"
"Oregon Spur II","        28.5","1.823076E-13"
"Oregon Spur II","          29","1.062394E-13"
"Oregon Spur II","        29.5","6.191085E-14"
"Oregon Spur II","          30","3.607844E-14"
"Oregon Spur II","        30.5","2.102465E-14"
"Oregon Spur II","          31","1.225208E-14"
"Oregon Spur II","        31.5","7.139876E-15"
"Oregon Spur II","          32"," 4.16075E-15"
"Oregon Spur II","        32.5"," 2.42467E-15"
"Oregon Spur II","          33","1.412972E-15"
"Oregon Spur II","        33.5"," 8.23407E-16"
"Oregon Spur II","          34"," 4.79839E-16"
"Oregon Spur II","        34.5","2.796253E-16"
"Oregon Spur II","          35","1.629512E-16"
"Oregon Spur II","        35.5","9.495952E-17"
"Oregon Spur II","          36","5.533749E-17"
"Oregon Spur II","        36.5","3.224783E-17"
"Oregon Spur II","          37","1.879236E-17"
"Oregon Spur II","        37.5","1.095122E-17"
"Oregon Spur II","          38","6.381803E-18"
"Oregon Spur II","        38.5","3.718985E-18"
"Oregon Spur II","          39","2.167232E-18"
"Oregon Spur II","        39.5","1.262951E-18"
"Oregon Spur II","          40","7.359822E-19"
"Oregon Spur II","        40.5","4.288923E-19"
"Oregon Spur II","          41","2.499363E-19"
"Oregon Spur II","        41.5","1.456499E-19"
"Oregon Spur II","          42","8.487724E-20"
"Oregon Spur II","        42.5","4.946206E-20"
"Oregon Spur II","          43","2.882393E-20"
"Oregon Spur II","        43.5","1.679709E-20"
"Oregon Spur II","          44","9.788478E-21"
"Oregon Spur II","        44.5","5.704218E-21"
"Oregon Spur II","          45","3.324123E-21"
"Oregon Spur II","        45.5","1.937127E-21"
"Oregon Spur II","          46","1.128857E-21"
"Oregon Spur II","        46.5","6.578397E-22"
"Oregon Spur II","          47","3.833549E-22"
"Oregon Spur II","        47.5","2.233994E-22"
"Oregon Spur II","          48","1.301856E-22"
"Oregon Spur II","        48.5","7.586544E-23"
"Oregon Spur II","          49","4.421045E-23"
"Oregon Spur II","        49.5","2.576356E-23"
"Oregon Spur II","          50","1.501367E-23"
"Oregon Spur II","        50.5","8.749191E-24"
"Oregon Spur II","          51","5.098576E-24"
"Oregon Spur II","        51.5","2.971186E-24"
"Oregon Spur II","          52","1.731453E-24"
"Oregon Spur II","        52.5","1.009001E-24"
"Oregon Spur II","          53","5.879939E-25"
"Oregon Spur II","        53.5","3.426524E-25"
"Oregon Spur II","          54","1.996801E-25"
"Oregon Spur II","        54.5","1.163632E-25"
"Oregon Spur II","          55","6.781046E-26"
"Oregon Spur II","        55.5","3.951643E-26"
"Oregon Spur II","          56","2.302813E-26"
"Oregon Spur II","        56.5"," 1.34196E-26"
"Oregon Spur II","          57"," 7.82025E-27"
"Oregon Spur II","        57.5","4.557237E-27"
"Oregon Spur II","          58","2.655722E-27"
"Oregon Spur II","        58.5","1.547617E-27"
"Oregon Spur II","          59","9.018713E-28"
"Oregon Spur II","        59.5","5.255639E-28"
"Oregon Spur II","          60","3.062714E-28"
"Oregon Spur II","        60.5","1.784791E-28"
"Oregon Spur II","          61","1.040084E-28"
"Oregon Spur II","        61.5","6.061072E-29"
"Oregon Spur II","          62","3.532079E-29"
"Oregon Spur II","        62.5","2.058313E-29"
"Oregon Spur II","          63","1.199478E-29"
"Oregon Spur II","        63.5","6.989939E-30"
"Oregon Spur II","          64","4.073375E-30"
"Oregon Spur II","        64.5","2.373752E-30"
"Oregon Spur II","          65","  1.3833E-30"
"Oregon Spur II","        65.5","8.061155E-31"
"Oregon Spur II","          66","4.697624E-31"
"Oregon Spur II","        66.5","2.737532E-31"
"Oregon Spur II","          67","1.595292E-31"
"Oregon Spur II","        67.5","9.296537E-32"
"Oregon Spur II","          68","5.417541E-32"
"Oregon Spur II","        68.5","3.157062E-32"
"Oregon Spur II","          69","1.839773E-32"
"Oregon Spur II","        69.5","1.072124E-32"
"Oregon Spur II","          70","6.247785E-33"
"Oregon Spur II","        70.5","3.640886E-33"
"Oregon Spur II","          71"," 2.12172E-33"
"Oregon Spur II","        71.5","1.236429E-33"
"Oregon Spur II","          72","7.205266E-34"
"Oregon Spur II","        72.5","4.198856E-34"
"Oregon Spur II","          73","2.446876E-34"
"Oregon Spur II","        73.5","1.425913E-34"
"Oregon Spur II","          74","8.309482E-35"
"Oregon Spur II","        74.5","4.842336E-35"
"Oregon Spur II","          75","2.821863E-35"
"Oregon Spur II","        75.5","1.644436E-35"
"Oregon Spur II","          76"," 9.58292E-36"
"Oregon Spur II","        76.5"," 5.58443E-36"
"Oregon Spur II","          77","3.254317E-36"
"Oregon Spur II","        77.5","1.896447E-36"
"Oregon Spur II","          78","1.105151E-36"
"Oregon Spur II","        78.5"," 6.44025E-37"
"Oregon Spur II","          79","3.753045E-37"
"Oregon Spur II","        79.5"," 2.18708E-37"
"Oregon Spur II","          80","1.274517E-37"
